Casa,Data_Nasc,Ano_Nasc,Age,Age_group,Sexo,Rede,PIN,Cartao recolhido?,Onde_foi,Observacoes
361,NA,1999,5,2,m,s,f0001,NA,,
922,NA,1961,44,7,f,n,f0001,s,,
225,NA,1958,46,7,m,s,f0002,s,,
701,NA,1952,43,7,f,n,f0004,s,,
3002,NA,1957,47,7,f,s,f0005,NA,,
3110,NA,1960,44,7,f,n,f0008,s,,
503,NA,1989,15,4,m,n,f0013,s,,
1435,NA,1999,5,2,m,n,f0016,s,,
33,NA,1959,45,7,f,n,f0025,s,,
1351,NA,1999,5,2,f,n,f0028,s,,
4047,NA,1998,6,3,f,n,f0031,NA,,
936,NA,1921,74,7,f,n,f0036,s,,
678,NA,1963,42,7,f,s,f0038,s,,
3067,NA,1979,25,6,f,n,f0039,s,,
665,NA,1942,63,7,m,s,f0039,s,,
628,NA,1963,42,7,m,s,f0041,s,,
897,NA,2002,3,2,m,n,f0042,s,,
516,NA,2002,2,1,f,n,f0044,s,,
361,NA,1963,42,7,f,s,f0045,NA,,
370,NA,2000,4,2,m,n,f0046,s,,
337,NA,1994,11,4,m,n,f0047,s,,
815,NA,1988,16,5,m,n,f0049,s,,
342,NA,1989,15,4,f,n,f0063,s,,
370,NA,1960,44,7,f,n,f0065,s,,
1346,NA,1995,10,3,f,n,f0068,s,,
680,NA,1982,23,6,f,s,f0068,s,,
358,NA,1941,54,7,f,n,f0071,s,,
325,NA,1999,5,2,m,n,f0074,s,,
961,NA,2001,4,2,m,n,f0085,NA,,
1153,NA,1989,15,4,f,s,f0085,s,,
3028,NA,2000,4,2,f,n,f0092,s,,
454,NA,1997,7,3,m,n,f0109,s,,
717,NA,1997,7,3,f,n,f0110,s,,
716,NA,1967,37,7,f,n,f0111,s,,
717,NA,1977,27,6,f,n,f0112,s,,
3038,NA,1999,5,2,f,n,f0114,s,,
1301,NA,1989,15,4,f,n,f0117,s,,
39,NA,1921,74,7,f,n,f0119,s,,
667,NA,1952,43,7,f,n,f0123,s,,
1183,NA,1942,53,7,f,n,f0133,NA,,
412,NA,1994,11,4,m,n,f0137,s,,
210,NA,1970,34,7,f,s,f0137,NA,,
210,NA,1998,6,3,f,s,f0140,NA,,
210,NA,1993,12,4,f,s,f0143,NA,,
210,NA,1994,11,4,f,s,f0146,NA,,
500,NA,1950,44,7,f,n,f0147,s,,
1322,NA,1981,24,6,m,s,f0159,s,,
648,NA,1952,43,7,f,s,f0161,s,,
894,NA,1998,6,3,f,n,f0166,s,,
894,NA,1955,40,7,f,n,f0167,s,,
814,NA,2000,4,2,m,n,f0170,s,,
961,NA,1998,6,3,f,n,f0174,NA,,
562,NA,1942,63,7,m,n,f0174,s,,
549,NA,1941,64,7,m,n,f0176,s,,
370,NA,1993,12,4,f,n,f0183,s,,
25,NA,1961,44,7,m,s,f0199,s,,
2,NA,1979,25,6,f,s,f0201,p,,
301,NA,1996,9,3,f,n,F0202,p,,
473,NA,1999,5,2,m,n,f0203,s,,
278,NA,1961,44,7,f,n,f0203,p,,
278,NA,2001,3,2,f,n,f0204,p,,
494,NA,1966,39,7,f,s,f0204,s,,
278,NA,1999,5,2,f,n,f0205,s,,
279,NA,1974,29,6,f,n,f0205,n,,
383,NA,1987,17,5,m,n,f0208,s,,
1550,NA,1939,66,7,m,n,f0208,NA,,
567,NA,1993,12,4,f,n,f0211,s,,
161,NA,1988,16,5,f,n,f0215,s,,
289,NA,1958,46,7,f,n,f0219,NA,,
920,NA,1985,20,5,f,n,f0221,s,,
3087,NA,2001,4,2,m,n,f0226,n,,
26,NA,1943,52,7,f,s,f0234,s,,
335,NA,1998,6,3,m,n,f0237,s,,
960,NA,1989,15,4,m,n,f0245,s,,
223,NA,1994,11,4,f,n,f0248,s,,
1153,NA,1948,46,7,f,s,f0255,s,,
946,NA,1987,17,5,f,n,f0259,s,,
291,NA,1982,23,6,f,n,f0259,s,,
134,NA,1993,12,4,m,n,f0262,s,,
1403,NA,2000,4,2,m,s,f0266,s,,
1155,NA,2001,4,2,m,n,f0299,s,,
400,NA,1947,58,7,m,n,f0300,s,,
400,NA,1955,40,7,f,n,f0301,s,,
400,NA,1959,45,7,f,n,f0302,s,,
400,NA,1983,22,6,f,n,f0303,s,,
400,NA,1984,20,5,f,n,f0304,s,,
400,NA,2000,4,2,f,n,f0310,s,,
379,NA,1988,16,5,m,n,f0316,s,,
134,NA,1991,14,4,m,n,f0318,s,,
3020,NA,1940,54,7,f,s,f0318,s,,
409,NA,1956,49,7,f,n,f0324,s,,
108,NA,1992,13,4,f,n,f0325,s,,
1001,NA,1962,43,7,m,n,f0325,s,,
1001,NA,1988,16,5,m,n,f0326,s,,
1001,NA,1992,13,4,m,n,f0327,s,,
108,NA,1996,9,3,f,n,f0328,s,,
1001,NA,1994,11,4,f,n,f0328,s,,
312,NA,1966,39,7,m,n,f0330,s,,
412,NA,1986,19,5,f,n,f0331,s,,
412,NA,1997,7,3,m,n,f0332,s,,
1,NA,1952,43,7,f,n,f0336,s,,
223,NA,1982,23,6,f,s,f0337,s,,
30,NA,1969,35,7,f,n,f0350,s,,
207,NA,1997,7,3,m,s,f0352,s,,
30,NA,1994,11,4,m,n,f0352,s,,
1322,NA,1981,24,6,f,s,f0361,s,,
423,NA,1982,23,6,f,s,f0364,s,,
112,NA,1995,10,3,m,n,f0365,s,,
423,NA,1982,23,6,f,s,f0365,s,,
423,NA,1986,19,5,f,n,f0366,s,,
134,NA,1998,6,3,m,n,f0367,s,,
426,NA,1992,13,4,f,n,f0367,s,,
134,NA,1998,6,3,m,n,f0368,s,,
425,NA,1997,7,3,m,n,f0369,s,,
425,NA,1989,15,4,m,n,f0371,s,,
425,NA,1991,14,4,m,n,f0372,s,,
429,NA,1969,35,7,m,s,f0377,s,,
429,NA,1969,35,7,f,s,f0378,s,,
429,NA,2001,3,2,f,n,f0379,s,,
206,NA,1920,84,7,m,n,f0379,s,,
128,NA,1939,55,7,f,s,f0380,s,,
430,NA,1993,12,4,m,n,f0381,s,,
430,NA,1993,12,4,m,n,f0382,s,,
431,NA,1949,56,7,m,s,f0383,s,,
351,NA,1986,19,5,m,n,f0387,s,,
916,NA,1931,74,7,m,n,f0388,s,,
895,NA,1958,46,7,f,n,f0391,s,,
896,NA,1991,14,4,m,n,f0392,s,,
442,NA,1954,41,7,f,n,f0395,s,,
903,NA,1949,56,7,m,n,f0396,s,,
447,NA,1947,47,7,f,n,f0403,s,,
448,NA,1988,16,5,f,n,f0404,s,,
450,NA,1942,53,7,f,n,f0405,s,,
452,NA,1985,20,5,m,n,f0409,s,,
140,NA,1953,42,7,f,n,f0409,s,,
450,NA,1996,9,3,m,n,f0410,s,,
453,NA,1966,39,7,m,n,f0411,s,,
454,NA,1966,39,7,m,s,f0411,s,,
453,NA,1972,33,7,f,n,f0412,s,,
454,NA,1990,14,4,f,n,f0413,s,,
453,NA,1991,14,4,f,n,f0414,s,,
453,NA,1994,11,4,m,n,f0415,s,,
453,NA,1997,7,3,m,n,f0416,s,,
453,NA,1999,5,2,m,n,f0417,s,,
935,NA,1964,41,7,m,s,f0419,s,,
935,NA,1970,34,7,f,s,f0420,s,,
455,NA,1992,13,4,m,n,f0421,s,,
935,NA,1996,9,3,f,n,f0422,s,,
455,NA,1997,7,3,m,n,f0423,s,,
935,NA,2001,3,2,f,s,f0424,s,,
36,NA,1974,29,6,m,s,f0426,s,,
392,NA,1993,12,4,m,n,f0428,s,,
497,NA,1995,10,3,f,n,f0433,s,,
497,NA,1997,7,3,f,n,f0434,s,,
462,NA,1922,83,7,m,n,f0437,s,,
462,NA,1960,44,7,f,n,f0438,s,,
361,NA,1944,61,7,m,s,f0440,NA,,
937,NA,1998,6,3,m,n,f0443,s,,
470,NA,1951,54,7,m,s,f0453,s,,
470,NA,1955,40,7,f,s,f0454,s,,
470,NA,1984,21,5,m,s,f0455,s,,
470,NA,1995,10,3,f,n,f0457,s,,
470,NA,1992,13,4,f,n,f0458,s,,
893,NA,1978,26,6,m,s,f0459,s,,
893,NA,1982,23,6,f,s,f0460,s,,
893,NA,2001,3,2,f,n,f0461,s,,
910,NA,1945,50,7,f,s,f0462,s,,
473,NA,1946,59,7,m,n,f0464,s,,
473,NA,1973,32,7,f,n,f0465,s,,
473,NA,1993,12,4,f,n,f0466,s,,
473,NA,1994,11,4,m,n,f0467,s,,
473,NA,1988,16,5,f,n,f0468,s,,
473,NA,1996,9,3,m,n,f0469,s,,
478,NA,1944,61,7,m,n,f0481,s,,
478,NA,1947,47,7,f,n,f0482,s,,
478,NA,1997,7,3,m,n,f0484,s,,
480,NA,1958,46,7,m,s,f0486,s,,
480,NA,1972,33,7,f,s,f0487,s,,
480,NA,1994,11,4,m,n,f0488,s,,
480,NA,1997,7,3,m,n,f0489,s,,
480,NA,1999,5,2,f,s,f0490,s,,
481,NA,2003,2,1,f,n,f0495,s,,
481,NA,1982,23,6,f,n,f0495,s,,
481,NA,1990,14,4,f,n,f0496,s,,
481,NA,1989,15,4,f,n,f0497,s,,
483,NA,1960,44,7,f,n,f0501,s,,
483,NA,1997,7,3,f,n,f0502,s,,
489,NA,1986,19,5,f,n,f0503,s,,
485,NA,1989,15,4,m,n,f0506,s,,
486,NA,1972,33,7,m,n,f0507,s,,
3118,NA,1971,34,7,f,n,f0508,s,,
3118,NA,1997,7,3,f,n,f0509,s,,
491,NA,1936,59,7,f,s,f0509,s,,
487,NA,1968,36,7,m,n,f0510,s,,
488,NA,1964,41,7,m,n,f0511,s,,
488,NA,1969,35,7,f,n,f0512,s,,
489,NA,1996,9,3,m,n,f0514,n,,
489,NA,1995,10,3,f,n,f0514,n,,
490,NA,1935,70,7,m,s,f0515,s,,
490,NA,1941,54,7,f,s,f0516,s,,
490,NA,1993,12,4,m,n,f0517,s,,
491,NA,1933,72,7,m,s,f0518,s,,
909,NA,1997,7,3,f,s,f0520,s,,
912,NA,1984,21,5,m,n,f0521,s,,
912,NA,1998,6,3,m,n,f0522,s,,
909,NA,1982,23,6,f,s,f0523,s,,
912,NA,1990,14,4,m,n,f0525,s,,
497,NA,1952,53,7,m,n,f0529,s,,
497,NA,1963,42,7,f,n,f0530,s,,
497,NA,1987,17,5,m,n,f0531,s,,
497,NA,1991,14,4,m,n,f0532,s,,
497,NA,2001,3,2,f,n,f0535,s,,
498,NA,1919,86,7,m,n,f0536,s,,
498,NA,1929,65,7,f,n,f0537,s,,
500,NA,1948,57,7,m,n,f0540,s,,
501,NA,1983,22,6,f,n,f0541,s,,
503,NA,1994,11,4,m,n,f0542,s,,
504,NA,1944,51,7,f,n,f0544,s,,
1446,NA,1989,15,4,f,s,f0549,n,,
927,NA,1988,16,5,m,n,f0549,s,,
509,NA,1949,45,7,f,n,f0550,s,,
509,NA,1999,5,2,f,n,f0551,s,,
509,NA,1995,10,3,m,n,f0552,s,,
926,NA,1975,30,6,f,s,f0554,s,,
926,NA,1995,10,3,f,n,f0555,s,,
511,NA,1982,23,6,m,n,f0556,s,,
511,NA,1978,26,6,f,n,f0557,s,,
509,NA,1998,6,3,f,n,f0559,s,,
514,NA,1957,47,7,m,s,f0560,s,,
514,NA,1958,46,7,f,s,f0561,s,,
515,NA,1985,20,5,m,n,f0562,s,,
516,NA,1982,23,6,f,n,f0564,s,,
517,NA,1984,21,5,m,n,f0566,s,,
518,NA,1969,35,7,m,s,f0567,s,,
518,NA,1999,5,2,m,s,f0570,s,,
519,NA,1989,15,4,f,n,f0571,s,,
521,NA,1945,60,7,m,n,f0574,s,,
521,NA,1946,49,7,f,n,f0575,s,,
522,NA,1985,20,5,m,n,f0581,s,,
521,NA,1977,27,6,f,s,f0582,s,,
954,NA,1968,36,7,m,n,f0589,s,,
954,NA,1981,24,6,f,n,f0590,s,,
526,NA,1990,14,4,m,n,f0591,s,,
530,NA,1972,33,7,m,s,f0598,s,,
930,NA,1972,33,7,m,s,f0598,s,,
530,NA,1976,29,6,f,s,f0599,s,,
530,NA,1998,6,3,m,s,f0600,s,,
530,NA,2000,4,2,f,s,f0601,s,,
532,NA,1994,11,4,f,n,f0605,s,,
532,NA,1977,27,6,m,n,f0606,s,,
532,NA,1983,22,6,f,n,f0607,s,,
532,NA,2000,4,2,m,n,f0608,s,,
535,NA,1953,52,7,m,n,f0615,s,,
535,NA,1955,40,7,f,n,f0616,s,,
537,NA,1982,23,6,m,n,f0618,s,,
535,NA,1992,13,4,m,n,f0621,s,,
538,NA,1951,54,7,m,s,f0622,s,,
538,NA,1958,46,7,f,s,f0623,s,,
538,NA,1992,13,4,m,n,f0624,s,,
539,NA,1983,22,6,m,n,f0626,s,,
539,NA,1996,9,3,f,n,f0627,s,,
540,NA,1947,58,7,m,s,f0628,s,,
540,NA,1947,47,7,f,s,f0629,s,,
630,NA,1990,14,4,f,n,f0630,s,,
876,NA,1981,24,6,m,s,f0630,s,,
541,NA,1989,15,4,m,s,f0631,NA,,
542,NA,2000,4,2,m,n,f0634,NA,,
543,NA,1964,40,7,m,s,f0635,s,,
543,NA,1989,15,4,f,s,f0636,s,,
543,NA,1997,7,3,m,n,f0637,s,,
543,NA,2000,4,2,m,n,f0638,s,,
544,NA,1934,61,7,f,n,f0638,NA,,
3071,NA,1953,42,7,f,n,f0640,s,,
545,NA,1989,15,4,m,n,f0641,s,,
546,NA,1960,44,7,m,n,f0642,s,,
546,NA,1967,37,7,f,n,f0643,s,,
546,NA,2000,4,2,f,n,f0644,s,,
548,NA,1990,14,4,f,n,f0646,s,,
548,NA,1993,12,4,f,n,f0647,s,,
546,NA,2000,4,2,m,n,f0648,s,,
981,NA,1985,20,5,m,n,f0649,s,,
981,NA,1988,16,5,m,n,f0650,s,,
546,NA,1996,9,3,m,n,f0651,s,,
552,NA,1926,79,7,m,s,f0663,NA,,
552,NA,1930,64,7,f,s,f0664,NA,,
930,NA,1980,24,6,f,s,f0665,s,,
554,NA,1935,60,7,f,n,f0667,s,,
3069,NA,1994,11,4,f,n,f0668,s,,
3070,NA,1971,34,7,m,n,f0670,s,,
3070,NA,1969,35,7,f,n,f0671,s,,
555,NA,1981,24,6,m,n,f0673,s,,
562,NA,1948,46,7,f,n,f0682,s,,
562,NA,1973,32,7,m,n,f0683,s,,
562,NA,1977,27,6,f,n,f0684,s,,
562,NA,1979,25,6,f,n,f0685,s,,
562,NA,1982,23,6,m,n,f0686,s,,
562,NA,1984,20,5,f,n,f0687,s,,
562,NA,1986,19,5,f,n,f0688,s,,
562,NA,1995,10,3,f,n,f0690,s,,
563,NA,1923,82,7,m,n,f0692,s,,
563,NA,1944,51,7,f,n,f0693,s,,
564,NA,1975,30,6,f,n,f0697,s,,
565,NA,1988,16,5,f,n,f0698,s,,
565,NA,1983,22,6,f,n,f0699,s,,
565,NA,1996,9,3,f,s,f0700,s,,
564,NA,2001,3,2,f,n,f0701,s,,
940,NA,1972,33,7,f,n,f0702,s,,
940,NA,1995,10,3,f,n,f0703,s,,
940,NA,1999,5,2,m,n,f0704,s,,
567,NA,1945,60,7,m,s,f0708,NA,,
567,NA,1952,43,7,f,s,f0709,NA,,
567,NA,1963,42,7,f,n,f0710,s,,
567,NA,1995,10,3,f,n,f0713,s,,
567,NA,2000,4,2,m,n,f0714,s,,
567,NA,1992,13,4,f,n,f0715,s,,
567,NA,1993,12,4,f,n,f0716,s,,
568,NA,1979,25,6,m,n,f0718,s,,
3066,NA,1988,16,5,m,n,f0720,s,,
570,NA,1980,24,6,m,s,f0722,s,,
571,NA,1950,44,7,f,n,f0723,s,,
571,NA,1979,25,6,f,n,f0724,s,,
3090,NA,1989,15,4,m,n,f0725,s,,
3090,NA,1994,11,4,m,n,f0726,s,,
573,NA,1979,25,6,f,s,f0727,s,,
571,NA,1998,6,3,f,n,f0728,s,,
573,NA,1977,27,6,m,s,f0729,s,,
3090,NA,1987,17,5,m,n,f0730,s,,
575,NA,1943,62,7,m,s,f0731,s,,
575,NA,1958,46,7,f,s,f0732,s,,
575,NA,1992,13,4,f,n,f0733,s,,
576,NA,1992,13,4,m,n,f0734,s,,
583,NA,1941,64,7,m,s,f0745,s,,
583,NA,1950,44,7,f,s,f0746,s,,
583,NA,1990,14,4,f,s,f0747,s,,
585,NA,1979,25,6,f,n,f0751,s,,
585,NA,2001,3,2,f,n,f0752,s,,
590,NA,1946,49,7,f,n,f0764,s,,
592,NA,1931,74,7,m,n,f0769,s,,
592,NA,1948,46,7,f,n,f0770,s,,
3074,NA,1988,16,5,m,n,f0771,s,,
593,NA,1952,43,7,f,n,f0772,s,,
594,NA,1970,34,7,f,n,f0774,s,,
594,NA,1994,11,4,m,n,f0776,s,,
594,NA,1996,9,3,f,n,f0777,s,,
594,NA,2000,4,2,m,n,f0778,s,,
595,NA,1948,57,7,m,s,f0779,s,,
595,NA,1952,43,7,f,s,f0780,s,,
3082,NA,1978,26,6,f,n,f0782,s,,
602,NA,1959,45,7,f,s,f0782,s,,
3075,NA,1998,6,3,m,n,f0783,s,,
602,NA,1995,10,3,f,n,f0784,s,,
3075,NA,1993,12,4,m,n,f0784,s,,
599,NA,1987,17,5,f,n,f0786,s,,
3079,NA,1957,47,7,m,s,f0787,s,,
3079,NA,1967,37,7,f,s,f0788,s,,
3080,NA,1988,16,5,f,n,f0790,s,,
602,NA,1931,74,7,m,s,f0791,s,,
602,NA,1993,12,4,f,n,f0793,s,,
3095,NA,1987,17,5,m,n,f0795,s,,
3095,NA,1998,6,3,m,n,f0796,s,,
604,NA,1952,43,7,f,n,f0797,s,,
3094,NA,1980,24,6,m,n,f0798,s,,
3076,NA,1981,24,6,m,n,f0803,s,,
607,NA,1993,12,4,f,n,f0804,s,,
608,NA,1943,52,7,f,n,f0805,s,,
620,NA,1962,43,7,f,n,f0825,s,,
620,NA,1992,13,4,f,n,f0827,s,,
620,NA,1996,9,3,f,n,f0828,s,,
620,NA,1998,6,3,m,n,f0829,s,,
621,NA,1973,32,7,f,s,f0831,s,,
621,NA,1988,16,5,f,s,f0832,s,,
983,NA,1949,45,7,f,n,f0835,s,,
900,NA,1967,37,7,f,n,f0839,s,,
626,NA,1974,29,6,m,s,f0840,s,,
626,NA,1973,32,7,f,s,f0841,s,,
626,NA,1997,7,3,m,n,f0842,s,,
629,NA,1992,13,4,m,n,f0846,s,,
629,NA,1995,10,3,m,n,f0847,s,,
630,NA,1996,9,3,f,n,f0849,s,,
629,NA,1999,5,2,m,n,f0850,s,,
631,NA,1949,56,7,m,n,f0851,s,,
631,NA,1992,13,4,f,n,f0854,s,,
634,NA,1970,34,7,m,s,f0857,s,,
3026,NA,1961,44,7,f,n,f0864,s,,
642,NA,1930,64,7,f,n,f0878,s,,
642,NA,1994,11,4,f,n,f0880,s,,
643,NA,1978,26,6,f,s,f0883,s,,
643,NA,2001,4,2,m,n,f0884,s,,
648,NA,1939,66,7,m,s,f0891,s,,
649,NA,1990,14,4,m,n,f0892,s,,
649,NA,1994,11,4,m,n,f0893,s,,
652,NA,1945,60,7,m,n,f0895,s,,
653,NA,1958,46,7,m,s,f0897,s,,
653,NA,1979,25,6,f,s,f0898,s,,
653,NA,1990,14,4,m,n,f0901,s,,
653,NA,1993,12,4,f,n,f0902,s,,
653,NA,1997,7,3,f,n,f0904,s,,
653,NA,2002,3,2,m,n,f0905,s,,
657,NA,1965,40,7,f,n,f0916,s,,
984,NA,1945,50,7,f,n,f0918,s,,
664,NA,1978,26,6,m,s,f0926,s,,
664,NA,1979,25,6,f,s,f0927,s,,
664,NA,1999,5,2,f,n,f0928,s,,
665,NA,1974,29,6,f,s,f0929,s,,
665,NA,1998,6,3,m,n,f0930,s,,
665,NA,1997,7,3,f,n,f0931,s,,
666,NA,1985,20,5,m,s,f0932,s,,
666,NA,1990,14,4,m,s,f0933,s,,
667,NA,1932,73,7,m,n,f0934,s,,
667,NA,1995,10,3,f,n,f0935,s,,
667,NA,1995,10,3,m,n,f0936,s,,
3037,NA,1926,69,7,f,n,f0937,s,,
668,NA,1988,16,5,m,n,f0938,s,,
669,NA,1971,34,7,m,n,f0939,s,,
3054,NA,1949,45,7,f,n,f0943,s,,
671,NA,1998,6,3,m,n,f0944,s,,
672,NA,1995,10,3,m,n,f0947,s,,
675,NA,1944,61,7,m,s,f0951,s,,
675,NA,1979,25,6,f,s,f0952,s,,
675,NA,1994,11,4,f,n,f0953,s,,
676,NA,1980,24,6,m,s,f0954,s,,
677,NA,1983,22,6,f,n,f0955,s,,
677,NA,1987,17,5,f,n,f0956,s,,
677,NA,1993,12,4,m,n,f0957,s,,
677,NA,1993,12,4,m,n,f0958,s,,
677,NA,1997,7,3,m,n,f0959,s,,
679,NA,1946,49,7,f,n,f0960,s,,
681,NA,1936,69,7,m,n,f0962,s,,
683,NA,1951,44,7,f,n,f0967,s,,
685,NA,1949,56,7,m,n,f0971,s,,
687,NA,1979,25,6,m,n,f0975,s,,
996,NA,1985,20,5,f,n,f0976,s,,
679,NA,1983,22,6,m,n,f0977,s,,
3008,NA,1933,62,7,f,n,f0979,s,,
691,NA,1971,34,7,m,n,f0980,s,,
692,NA,1975,30,6,m,n,f0981,s,,
693,NA,1961,44,7,f,n,f0982,s,,
3007,NA,1960,44,7,m,s,f0983,s,,
694,NA,1987,17,5,f,n,f0985,s,,
694,NA,1990,14,4,m,n,f0986,s,,
694,NA,1994,11,4,m,n,f0987,s,,
3002,NA,1939,66,7,m,s,f0988,NA,,
3000,NA,1982,23,6,f,s,f0989,s,,
699,NA,1987,17,5,f,n,f0990,s,,
699,NA,1994,11,4,f,n,f0991,s,,
3003,NA,1975,30,6,m,s,f0993,s,,
3005,NA,1985,20,5,m,NA,f0994,s,,
3004,NA,1990,14,4,m,s,f0995,NA,,
3006,NA,1982,23,6,m,s,f0996,s,,
701,NA,1942,63,7,m,n,f0997,s,,
703,NA,1979,25,6,m,n,f1001,s,,
952,NA,1981,24,6,m,n,f1003,s,,
705,NA,1954,51,7,m,n,f1004,s,,
705,NA,1963,42,7,f,n,f1005,s,,
997,NA,1998,6,3,m,n,f1007,s,,
708,NA,1945,60,7,m,n,f1016,s,,
711,NA,1975,30,6,f,n,f1021,s,,
711,NA,2000,4,2,f,n,f1022,s,,
947,NA,1990,14,4,m,n,f1022,s,,
883,NA,1940,54,7,f,n,f1025,s,,
948,NA,1958,46,7,f,n,f1026,NA,,
948,NA,1988,16,5,m,n,f1028,NA,,
884,NA,1958,46,7,m,n,f1029,p,,
884,NA,1958,46,7,f,n,f1030,s,,
884,NA,1996,9,3,f,n,f1031,s,,
717,NA,1974,29,6,m,n,f1032,s,,
886,NA,1940,54,7,f,n,f1034,s,,
886,NA,1997,7,3,m,n,f1036,s,,
3034,NA,1950,44,7,f,n,f1044,s,,
3033,NA,1956,49,7,f,n,f1045,s,,
3034,NA,1989,15,4,f,n,f1046,s,,
3033,NA,1992,13,4,f,n,f1047,s,,
3033,NA,1996,9,3,m,n,f1049,s,,
3035,NA,1985,20,5,m,n,f1049,s,,
725,NA,1976,29,6,m,n,f1050,s,,
725,NA,1999,5,2,m,n,f1052,s,,
973,NA,1944,51,7,f,n,f1054,s,,
974,NA,1974,29,6,f,n,f1055,s,,
974,NA,1998,6,3,f,n,f1056,s,,
975,NA,1989,15,4,m,n,f1057,s,,
975,NA,1991,14,4,m,n,f1058,s,,
976,NA,1979,25,6,m,n,f1059,s,,
731,NA,1960,44,7,m,s,f1060,s,,
212,NA,1964,40,7,f,n,f1070,s,,
212,NA,2001,3,2,f,n,f1074,s,,
735,NA,1967,37,7,m,n,f1076,NA,,
735,NA,1988,16,5,f,n,f1079,NA,,
741,NA,1959,45,7,f,s,f1090,s,,
3040,NA,1987,17,5,m,n,f1091,s,,
741,NA,1990,14,4,f,n,f1092,s,,
741,NA,1994,11,4,m,n,f1093,s,,
742,NA,1980,24,6,f,n,f1095,s,,
742,NA,2001,4,2,m,n,f1096,s,,
1103,NA,2003,1,1,m,s,f1101,n,,
1210,NA,1959,45,7,m,s,f1102,n,,
748,NA,1944,61,7,m,n,f1105,s,,
748,NA,1961,44,7,f,n,f1106,s,,
3022,NA,1988,16,5,m,n,f1107,s,,
3022,NA,1991,14,4,f,n,f1108,s,,
3022,NA,1996,9,3,m,n,f1109,s,,
997,NA,1990,14,4,m,n,f1110,s,,
3031,NA,1948,57,7,m,n,f1110,s,,
3028,NA,1944,61,7,m,n,f1113,s,,
3028,NA,2001,3,2,f,n,f1115,s,,
3029,NA,1987,17,5,f,n,f1116,s,,
760,NA,1949,56,7,m,s,f1122,s,,
762,NA,1949,56,7,m,s,f1122,s,,
770,NA,1949,56,7,m,s,f1122,s,,
1326,NA,2002,2,1,f,s,f1123,s,,
770,NA,1961,44,7,f,s,f1123,s,,
760,NA,2001,3,2,f,s,f1128,s,,
770,NA,1977,27,6,f,s,f1129,s,,
763,NA,1948,57,7,m,n,f1134,s,,
763,NA,1998,6,3,f,n,f1136,s,,
764,NA,1968,36,7,f,n,f1137,s,,
762,NA,1982,23,6,f,n,f1146,s,,
3014,NA,1985,20,5,m,s,f1148,s,,
774,NA,1949,45,7,f,n,f1153,s,,
774,NA,1979,25,6,f,n,f1154,s,,
774,NA,1986,19,5,f,n,f1155,s,,
3125,NA,1986,19,5,m,n,f1156,s,,
776,NA,1975,30,6,m,n,f1157,s,,
776,NA,1983,22,6,f,n,f1158,s,,
777,NA,1944,61,7,m,n,f1159,NA,,
3134,NA,1991,14,4,f,n,f1161,s,,
777,NA,1998,6,3,m,n,f1162,NA,,
3134,NA,1994,11,4,f,n,f1163,s,,
3133,NA,1985,20,5,m,n,f1164,s,,
3133,NA,1986,19,5,m,n,f1165,s,,
3131,NA,1987,17,5,m,n,f1166,s,,
3132,NA,1988,16,5,m,n,f1167,s,,
780,NA,1930,74,7,m,n,f1169,s,,
780,NA,1955,40,7,f,n,f1170,s,,
782,NA,1931,74,7,m,s,f1173,s,,
782,NA,1941,54,7,f,s,f1174,s,,
783,NA,1989,15,4,f,n,f1175,s,,
783,NA,1992,13,4,f,n,f1176,s,,
783,NA,1994,11,4,f,n,f1177,s,,
3141,NA,1985,20,5,m,n,f1178,s,,
3142,NA,1995,10,3,m,s,f1179,s,,
3142,NA,1987,17,5,m,s,f1180,s,,
3045,NA,1992,13,4,m,n,f1183,s,,
788,NA,1946,59,7,m,n,f1184,s,,
788,NA,1960,44,7,f,n,f1185,s,,
789,NA,1985,20,5,m,n,f1186,s,,
794,NA,1965,40,7,m,n,f1193,s,,
794,NA,1966,39,7,f,n,f1194,s,,
3135,NA,1990,14,4,f,n,f1195,s,,
3135,NA,1995,10,3,f,n,f1196,s,,
3136,NA,1987,17,5,m,n,f1197,s,,
3136,NA,1993,12,4,m,n,f1198,s,,
800,NA,1942,63,7,m,s,f1208,s,,
800,NA,1960,44,7,f,s,f1209,s,,
802,NA,1931,74,7,m,s,f1212,s,,
3001,NA,1988,16,5,m,s,f1216,s,,
804,NA,1973,32,7,m,n,f1217,s,,
805,NA,1958,46,7,m,s,f1219,s,,
808,NA,1961,44,7,m,n,f1226,s,,
808,NA,1970,34,7,f,n,f1227,s,,
808,NA,1994,11,4,f,n,f1228,s,,
808,NA,1998,6,3,f,n,f1229,s,,
808,NA,2001,3,2,f,n,f1230,s,,
809,NA,1976,29,6,f,s,f1231,s,,
963,NA,1989,15,4,f,n,f1232,s,,
963,NA,1995,10,3,f,n,f1233,s,,
1387,NA,1920,74,7,f,n,f1234,n,,
809,NA,2001,4,2,m,s,f1235,s,,
1390,NA,1949,56,7,m,n,f1237,NA,,
813,NA,1975,30,6,m,n,f1241,s,,
813,NA,1976,29,6,f,n,f1242,s,,
813,NA,1995,10,3,m,n,f1243,s,,
813,NA,1999,5,2,f,n,f1244,s,,
813,NA,2001,4,2,m,n,f1245,s,,
814,NA,1978,26,6,f,n,f1247,s,,
3000,NA,1956,49,7,m,s,f1250,s,,
819,NA,1950,44,7,f,s,f1250,s,,
815,NA,1987,17,5,f,n,f1252,s,,
3053,NA,1970,34,7,m,n,f1253,s,,
3030,NA,1958,46,7,f,n,f1254,s,,
3053,NA,1995,10,3,m,n,f1255,NA,,
3030,NA,2003,2,1,f,n,f1256,s,,
819,NA,1938,67,7,m,s,f1259,s,,
3060,NA,1938,67,7,m,s,f1259,s,,
820,NA,1998,6,3,m,n,f1261,NA,,
820,NA,1989,15,4,f,n,f1264,NA,,
820,NA,1989,15,4,f,n,f1265,NA,,
3051,NA,1958,46,7,m,n,f1267,s,,
3051,NA,1949,45,7,f,n,f1268,s,,
823,NA,1970,34,7,m,n,f1270,s,,
823,NA,1968,36,7,f,n,f1271,s,,
823,NA,1988,16,5,f,n,f1272,s,,
824,NA,1970,34,7,m,n,f1273,NA,,
824,NA,1972,33,7,f,n,f1274,NA,,
824,NA,1998,6,3,m,n,f1275,NA,,
826,NA,1989,15,4,m,n,f1276,s,,
826,NA,1990,14,4,m,n,f1277,s,,
826,NA,1984,21,5,m,n,f1279,s,,
3127,NA,1986,19,5,m,n,f1286,s,,
827,NA,1947,58,7,m,n,f1286,s,,
831,NA,1951,44,7,f,n,f1290,s,,
837,NA,1943,62,7,m,s,f1304,s,,
837,NA,1956,49,7,f,s,f1305,s,,
837,NA,1979,25,6,m,s,f1306,s,,
3130,NA,1976,29,6,m,s,f1307,s,,
837,NA,1976,29,6,m,s,f1308,s,,
837,NA,1982,23,6,f,s,f1309,s,,
838,NA,1927,78,7,m,s,f1310,s,,
838,NA,1938,67,7,m,s,f1311,s,,
838,NA,1989,15,4,f,n,f1312,s,,
839,NA,1951,44,7,f,n,f1313,s,,
841,NA,1971,34,7,m,n,f1317,s,,
841,NA,1966,39,7,f,n,f1318,s,,
3123,NA,1989,15,4,m,n,f1319,s,,
842,NA,1993,12,4,f,n,f1320,s,,
847,NA,1950,55,7,m,n,f1329,s,,
847,NA,1960,44,7,f,n,f1330,s,,
847,NA,1992,13,4,m,n,f1332,s,,
847,NA,1995,10,3,m,n,f1333,s,,
3139,NA,1985,20,5,f,n,f1335,s,,
851,NA,1986,19,5,f,n,f1340,NA,,
852,NA,1958,46,7,f,n,f1343,s,,
856,NA,1943,62,7,m,n,f1347,s,,
856,NA,1966,39,7,f,n,f1348,s,,
857,NA,1957,47,7,f,n,f1351,s,,
857,NA,1986,19,5,f,n,f1352,s,,
857,NA,1981,24,6,f,n,f1353,s,,
857,NA,1991,14,4,f,n,f1354,s,,
857,NA,1996,9,3,m,n,f1355,s,,
858,NA,1944,61,7,m,n,f1357,s,,
858,NA,1954,41,7,f,n,f1358,s,,
859,NA,1975,30,6,m,n,f1359,s,,
859,NA,1980,24,6,f,n,f1360,s,,
859,NA,2000,4,2,m,n,f1361,s,,
860,NA,1994,11,4,m,n,f1362,s,,
860,NA,1997,7,3,f,n,f1363,s,,
861,NA,1982,23,6,m,n,f1364,s,,
861,NA,1984,20,5,f,n,f1365,s,,
861,NA,2001,3,2,f,n,f1366,s,,
862,NA,1956,49,7,f,n,f1367,s,,
3023,NA,1931,74,7,m,n,f1375,s,,
3024,NA,1931,64,7,f,n,f1376,s,,
3110,NA,1949,56,7,m,n,f1378,s,,
869,NA,1986,19,5,f,n,f1380,s,,
869,NA,1988,16,5,f,n,f1381,s,,
3022,NA,1986,19,5,f,n,f1382,s,,
869,NA,1999,5,2,f,n,f1383,s,,
978,NA,1963,42,7,f,n,f1384,s,,
1103,NA,1977,27,6,m,s,f1389,s,,
1103,NA,1979,25,6,f,s,f1390,s,,
1103,NA,1999,5,2,f,s,f1391,s,,
1103,NA,2001,3,2,f,s,f1392,s,,
1107,NA,1946,59,7,m,n,f1393,s,,
1107,NA,1947,47,7,f,n,f1394,s,,
1008,NA,1984,20,5,f,n,f1395,s,,
1008,NA,1987,17,5,f,n,f1396,s,,
1110,NA,1964,41,7,f,s,f1399,s,,
1112,NA,1984,21,5,m,s,f1400,s,,
1110,NA,1981,24,6,f,s,f1401,s,,
1320,NA,1976,29,6,m,n,f1405,s,,
1320,NA,1983,22,6,f,n,f1406,s,,
1114,NA,1954,41,7,f,s,f1408,s,,
1134,NA,1965,40,7,m,s,f1411,s,,
1326,NA,1965,40,7,m,s,f1411,s,,
1134,NA,1994,11,4,f,s,f1412,s,,
1339,NA,1995,10,3,f,s,f1418,s,,
3038,NA,1953,42,7,f,n,f1419,s,,
3038,NA,1992,13,4,m,n,f1421,s,,
3038,NA,1995,10,3,f,n,f1423,s,,
1330,NA,1956,49,7,f,n,f1424,NA,,
1330,NA,1988,16,5,f,n,f1426,NA,,
1330,NA,1994,11,4,m,n,f1428,NA,,
1330,NA,1998,6,3,f,n,f1429,NA,,
1330,NA,1985,20,5,m,s,f1431,NA,,
1330,NA,1989,15,4,m,n,f1432,NA,,
1142,NA,1959,45,7,f,s,f1434,s,,
1143,NA,1983,22,6,m,s,f1439,s,,
3016,NA,1989,15,4,m,s,f1445,s,,
1349,NA,1977,27,6,f,s,f1447,s,,
1116,NA,1960,44,7,f,s,f1449,s,,
1115,NA,1991,14,4,f,s,f1450,s,,
1349,NA,1973,32,7,m,s,f1456,s,,
1349,NA,1998,6,3,m,s,f1458,s,,
1349,NA,2000,4,2,m,s,f1459,s,,
1345,NA,1963,42,7,m,s,f1463,s,,
1392,NA,1920,74,7,f,n,f1466,s,,
1346,NA,1990,14,4,f,n,f1471,s,,
1346,NA,1993,12,4,m,n,f1472,s,,
1339,NA,1957,47,7,m,s,f1478,s,,
1339,NA,1970,34,7,f,s,f1479,s,,
1339,NA,1996,9,3,f,s,f1482,s,,
1060,NA,1949,45,7,f,s,f1489,s,,
1339,NA,1996,9,3,m,s,f1514,s,,
1546,NA,1980,24,6,f,s,f1546,NA,,
231,NA,1974,29,6,f,s,f1628,s,,
335,NA,1987,17,5,m,n,f1629,s,,
335,NA,2002,2,1,f,n,f1631,s,,
1122,NA,1943,62,7,m,n,f1634,s,,
1122,NA,1943,52,7,f,n,f1635,s,,
335,NA,1962,43,7,f,n,f1636,s,,
253,NA,1963,42,7,m,n,f1637,s,,
241,NA,1991,14,4,f,n,f1639,s,,
239,NA,1979,25,6,m,s,f1642,s,,
239,NA,1982,23,6,f,s,f1643,s,,
240,NA,1930,64,7,f,n,f1644,s,,
241,NA,1981,24,6,m,n,f1645,s,,
249,NA,1986,19,5,m,n,f1646,s,,
250,NA,1986,19,5,m,n,f1647,s,,
251,NA,1984,21,5,m,n,f1648,s,,
247,NA,1976,29,6,m,s,f1656,s,,
247,NA,1977,27,6,f,s,f1657,s,,
1381,NA,1978,26,6,m,n,f1658,n,,
247,NA,1999,5,2,f,s,f1659,s,,
247,NA,2002,3,2,m,s,f1660,s,,
255,NA,1982,23,6,f,n,f1696,s,,
255,NA,1979,25,6,m,n,f1697,s,,
259,NA,1965,40,7,m,n,f1698,s,,
259,NA,1970,34,7,f,n,f1699,s,,
259,NA,1993,12,4,f,n,f1700,s,,
259,NA,1995,10,3,f,n,f1701,s,,
259,NA,1997,7,3,m,n,f1702,s,,
261,NA,1955,40,7,f,s,f1703,s,,
260,NA,1986,19,5,f,s,f1704,s,,
261,NA,1992,13,4,m,n,f1705,s,,
261,NA,1971,34,7,m,n,f1706,s,,
261,NA,2001,3,2,f,s,f1708,s,,
261,NA,1982,23,6,f,n,f1708,s,,
318,NA,1972,33,7,m,s,f1709,s,,
318,NA,1971,34,7,f,s,f1710,s,,
318,NA,1999,5,2,f,s,f1711,s,,
333,NA,1949,56,7,m,n,f1713,s,,
333,NA,1962,43,7,f,n,f1714,s,,
265,NA,1999,5,2,m,n,f1715,s,,
265,NA,1992,13,4,m,n,f1716,s,,
892,NA,1941,54,7,f,n,f1719,s,,
276,NA,1961,44,7,m,n,f1721,s,,
235,NA,2003,1,1,m,n,f1722,s,,
290,NA,1964,40,7,f,n,f1723,NA,,
877,NA,1993,12,4,m,n,f1724,NA,,
292,NA,1958,46,7,f,n,f1724,NA,,
281,NA,1964,40,7,m,n,f1725,n,,
281,NA,1964,40,7,f,n,f1726,n,,
287,NA,1984,20,5,f,s,f1727,n,,
300,NA,1985,20,5,m,s,f1728,n,,
1179,NA,1941,54,7,f,s,f1728,s,,
299,NA,1986,19,5,m,n,f1729,n,,
1194,NA,1943,52,7,f,n,f1729,s,,
303,NA,1974,29,6,m,n,f1730,NA,,
303,NA,1964,40,7,f,n,f1731,NA,,
1302,NA,1961,44,7,m,s,f1731,s,,
303,NA,1999,5,2,f,n,f1732,NA,,
303,NA,1990,14,4,f,n,f1734,NA,,
310,NA,1985,20,5,m,n,f1735,NA,,
311,NA,1964,40,7,m,n,f1736,NA,,
311,NA,2001,3,2,f,n,f1737,NA,,
1305,NA,1984,20,5,f,n,f1737,s,,
1305,NA,1989,15,4,f,n,f1738,s,,
311,NA,1989,15,4,f,n,f1738,NA,,
311,NA,1993,12,4,m,n,f1739,NA,,
1451,NA,1989,15,4,m,n,f1739,s,,
1308,NA,1987,17,5,m,n,f1740,s,,
324,NA,1945,50,7,f,n,f1740,s,,
323,NA,1991,14,4,m,n,f1741,n,,
323,NA,1995,10,3,f,n,f1742,n,,
1308,NA,1992,13,4,m,n,f1742,s,,
400,NA,1989,15,4,f,n,f1748,n,,
1192,NA,1930,64,7,f,n,f1748,s,,
400,NA,1989,15,4,m,n,f1749,n,,
190,NA,1995,10,3,m,s,f1750,p,,
190,NA,2000,4,2,f,s,f1751,p,,
189,NA,1974,29,6,m,s,f1752,p,,
189,NA,1978,26,6,f,s,f1753,p,,
319,NA,1974,29,6,m,s,f1754,n,,
319,NA,1979,25,6,f,s,f1755,n,,
319,NA,1997,7,3,m,s,f1756,n,,
319,NA,1990,14,4,f,s,f1757,n,,
319,NA,1993,12,4,f,s,f1758,n,,
321,NA,1978,26,6,m,s,f1759,s,,
321,NA,2002,3,2,m,s,f1760,s,,
321,NA,1999,5,2,f,s,f1761,s,,
321,NA,1981,24,6,f,s,f1762,s,,
321,NA,1988,16,5,f,n,f1763,s,,
322,NA,1964,40,7,m,n,f1764,n,,
322,NA,1981,24,6,f,n,f1765,n,,
192,NA,1940,54,7,f,s,f1767,n,,
192,NA,1996,9,3,m,s,f1768,n,,
192,NA,1999,5,2,f,s,f1769,n,,
192,NA,2001,3,2,f,s,f1770,n,,
359,NA,1950,44,7,f,n,f1771,s,,
327,NA,1991,14,4,m,n,f1773,n,,
310,NA,1985,20,5,f,n,f1773,NA,,
24,NA,2001,3,2,f,n,f1774,p,,
331,NA,1958,46,7,m,n,f1775,n,,
3155,NA,1958,46,7,m,n,f1775,NA,M´bene,
3155,NA,1966,39,7,f,n,f1776,NA,M´bene,
331,NA,1956,49,7,f,n,f1776,n,,
331,NA,1992,13,4,f,n,f1779,n,,
331,NA,1994,11,4,f,n,f1780,n,,
3155,NA,1994,11,4,f,n,f1780,NA,M´bene,
71,NA,1942,53,7,f,s,f1782,NA,,
185,NA,1978,26,6,m,s,f1783,NA,,
1546,NA,1978,26,6,m,s,f1783,NA,,
35,NA,1977,27,6,m,s,f1783,n,,
273,NA,1977,27,6,m,s,f1783,n,,
334,NA,1989,15,4,m,n,f1784,s,,
3160,NA,1989,15,4,m,n,f1784,NA,M´bene,
276,NA,1991,14,4,f,n,f1785,s,,
276,NA,1961,44,7,f,n,f1786,s,,
332,NA,1978,26,6,f,s,f1787,s,,
228,NA,2002,2,1,f,s,f1788,NA,,
228,NA,1997,7,3,f,s,f1789,NA,,
228,NA,1999,5,2,f,s,f1790,NA,,
335,NA,1974,29,6,f,n,f1791,n,,
72,NA,2003,2,1,f,n,f1792,NA,,
78,NA,2003,1,1,m,s,f1793,n,,
76,NA,1964,40,7,m,s,f1793,NA,,
339,NA,1985,20,5,m,n,f1794,NA,,
243,NA,1995,10,3,f,n,f1795,n,,
248,NA,1988,16,5,f,s,f1796,NA,,
248,NA,1997,7,3,f,s,f1797,NA,,
47,NA,1993,12,4,f,n,f1798,n,,
340,NA,1974,29,6,f,n,f1799,n,,
344,NA,1980,24,6,f,s,f1800,n,,
878,NA,1959,45,7,m,s,f1801,NA,,
878,NA,1958,46,7,f,s,f1802,NA,,
274,NA,1957,47,7,m,n,f1802,s,,
225,NA,1995,10,3,f,n,f1803,NA,,
878,NA,1994,11,4,f,n,f1803,NA,,
878,NA,1991,14,4,f,n,f1804,NA,,
879,NA,1975,30,6,f,s,f1805,NA,,
879,NA,1999,5,2,f,s,f1806,NA,,
880,NA,1980,24,6,f,n,f1807,NA,,
182,NA,1973,32,7,f,s,f1807,NA,,
880,NA,1982,23,6,f,n,f1808,NA,,
182,NA,1970,34,7,f,s,f1808,NA,,
880,NA,1984,20,5,f,n,f1809,NA,,
182,NA,1983,22,6,m,s,f1809,NA,,
182,NA,1999,5,2,m,s,f1810,NA,,
880,NA,1986,19,5,f,n,f1810,NA,,
880,NA,1999,5,2,m,n,f1811,NA,,
341,NA,1980,24,6,f,n,f1811,NA,,
880,NA,2002,3,2,m,n,f1812,NA,,
881,NA,1979,25,6,m,n,f1813,NA,,
881,NA,1980,24,6,m,n,f1814,NA,,
881,NA,1984,21,5,m,n,f1815,NA,,
882,NA,1969,35,7,m,n,f1817,NA,,
882,NA,1976,29,6,f,n,f1818,NA,,
885,NA,1950,44,7,f,n,f1819,NA,,
889,NA,1967,37,7,m,s,f1820,NA,,
889,NA,1983,22,6,f,s,f1821,NA,,
889,NA,1997,7,3,m,n,f1822,NA,,
889,NA,2000,4,2,f,s,f1823,NA,,
890,NA,1972,33,7,m,s,f1824,NA,,
890,NA,1983,22,6,f,s,f1825,NA,,
890,NA,2003,1,1,m,s,f1826,NA,,
892,NA,1976,29,6,f,n,f1827,NA,,
892,NA,1994,11,4,f,n,f1828,NA,,
926,NA,2003,1,1,m,s,f1831,n,,
929,NA,1971,34,7,m,n,f1832,n,,
929,NA,1985,20,5,f,n,f1833,n,,
516,NA,2003,1,1,m,n,f1834,n,,
531,NA,1970,34,7,m,n,f1834,n,,
516,NA,1990,14,4,f,n,f1835,n,,
531,NA,1962,43,7,f,n,f1835,n,,
530,NA,2003,2,1,f,s,f1836,n,,
931,NA,1984,20,5,f,n,f1837,n,,
933,NA,1972,33,7,m,n,f1838,n,,
932,NA,2003,1,1,m,n,f1839,n,,
486,NA,1976,29,6,f,n,f1839,n,,
486,NA,2000,4,2,m,n,f1840,n,,
644,NA,1988,16,5,f,s,f1842,n,,
551,NA,1982,23,6,f,n,f1842,n,,
937,NA,2003,2,1,f,n,f1843,s,,
940,NA,1957,47,7,m,n,f1844,n,,
938,NA,1957,47,7,m,n,f1844,NA,,
939,NA,1989,15,4,f,n,f1845,n,,
941,NA,1940,54,7,f,n,f1846,n,,
263,NA,2002,2,1,f,s,f1848,n,,
943,NA,1979,25,6,f,n,f1849,n,,
943,NA,2003,1,1,m,n,f1850,n,,
944,NA,1970,34,7,m,n,f1851,n,,
944,NA,1976,29,6,f,n,f1852,n,,
944,NA,1993,12,4,m,n,f1853,n,,
944,NA,1996,9,3,m,n,f1854,n,,
140,NA,1929,76,7,m,n,f1855,n,,
945,NA,1977,27,6,f,n,f1856,n,,
945,NA,2000,4,2,m,n,f1857,n,,
703,NA,1986,19,5,f,n,f1857,NA,,
97,NA,1987,17,5,f,n,f1858,NA,,
660,NA,1972,33,7,f,n,f1859,n,,
653,NA,1995,10,3,m,n,f1860,n,,
653,NA,1970,34,7,f,n,f1861,n,,
958,NA,1981,24,6,f,n,f1862,n,,
951,NA,1976,29,6,f,n,f1862,NA,,
958,NA,2000,4,2,m,n,f1863,s,,
955,NA,1972,33,7,f,n,f1865,n,,
958,NA,1980,24,6,m,n,f1866,n,,
956,NA,1974,29,6,f,n,f1867,n,,
966,NA,1980,24,6,f,n,f1868,s,,
966,NA,1983,21,5,m,n,f1869,n,,
664,NA,2002,2,1,f,s,f1870,n,,
653,NA,2003,2,1,f,n,f1871,n,,
643,NA,1999,5,2,m,n,f1873,NA,,
643,NA,2002,2,1,f,n,f1874,NA,,
680,NA,1988,16,5,m,s,f1874,NA,,
667,NA,1990,14,4,m,n,f1875,n,,
643,NA,1974,29,6,f,n,f1875,NA,,
959,NA,1983,21,5,m,s,f1876,n,,
964,NA,1975,30,6,m,n,f1877,n,,
964,NA,1985,20,5,m,n,f1878,n,,
966,NA,2001,4,2,m,n,f1879,n,,
125,NA,1995,10,3,f,n,f1880,NA,,
123,NA,1975,30,6,m,n,f1881,n,,
259,NA,2003,1,1,m,n,f1882,n,,
385,NA,1985,20,5,f,n,f1883,n,,
934,NA,2002,3,2,m,s,f1884,n,,
483,NA,1989,15,4,f,n,f1885,n,,
481,NA,2003,1,1,m,n,f1886,s,,
482,NA,2003,2,1,f,s,f1887,n,,
969,NA,1981,24,6,m,n,f1888,NA,,
484,NA,2001,3,2,f,n,f1889,n,,
489,NA,2002,2,1,f,n,f1890,n,,
971,NA,1987,17,5,m,n,f1893,n,,
562,NA,1983,22,6,f,n,f1893,n,,
619,NA,1979,25,6,m,n,f1894,n,,
521,NA,1999,5,2,m,n,f1895,NA,,
522,NA,2002,2,1,f,n,f1896,n,,
974,NA,2003,1,1,m,n,f1897,n,,
537,NA,1986,19,5,f,n,f1898,n,,
977,NA,1982,23,6,f,n,f1898,n,,
521,NA,2003,1,1,m,s,f1899,NA,,
653,NA,1987,17,5,m,n,f1900,s,,
348,NA,1985,20,5,f,n,f1900,n,,
980,NA,1978,26,6,f,n,f1900,n,,
344,NA,2003,1,1,m,s,f1901,n,,
344,NA,1999,5,2,m,s,f1902,n,,
349,NA,1934,71,7,m,n,f1903,NA,,
349,NA,1938,56,7,f,n,f1904,NA,,
117,NA,1999,5,2,f,n,f1905,n,,
117,NA,2002,3,2,m,n,f1906,n,,
118,NA,1992,13,4,f,s,f1907,n,,
364,NA,1953,52,7,m,s,f1908,NA,,
904,NA,2003,2,1,f,n,f19081,n,,
60,NA,1943,62,7,m,s,f1909,NA,,
350,NA,1971,34,7,f,n,f1914,n,,
350,NA,2002,2,1,f,n,f1915,n,,
357,NA,1986,19,5,m,n,f1918,n,,
360,NA,1983,22,6,m,n,f1919,NA,,
3151,NA,1983,22,6,m,n,f1919,NA,,
360,NA,1987,17,5,f,n,f1920,NA,,
3151,NA,1987,17,5,f,n,f1920,NA,,
362,NA,1987,17,5,m,n,f1921,n,,
272,NA,2003,1,1,m,s,f1922,s,,
353,NA,1964,40,7,f,n,f1926,n,,
204,NA,1979,25,6,m,n,f1927,n,,
204,NA,2003,2,1,f,n,f1928,n,,
354,NA,1979,25,6,f,n,f1929,n,,
922,NA,1955,50,7,m,n,f1929,n,,
354,NA,1999,5,2,m,n,f1930,n,,
487,NA,1981,24,6,f,n,f1930,n,,
487,NA,2003,2,1,f,n,f1931,n,,
269,NA,1977,27,6,f,s,f1931,n,,
210,NA,1997,7,3,f,s,f1932,NA,,
210,NA,1998,6,3,f,s,f1933,NA,,
210,NA,1998,6,3,f,s,f1934,NA,,
216,NA,1978,26,6,m,n,f1935,n,,
373,NA,1992,13,4,m,n,f1936,n,,
373,NA,1978,26,6,f,n,f1937,n,,
372,NA,1939,66,7,m,s,f1938,n,,
133,NA,2003,2,1,f,s,f1939,n,,
132,NA,1964,40,7,f,n,f1940,n,,
934,NA,1985,20,5,f,s,f1941,n,,
377,NA,1976,29,6,f,n,f1941,NA,,
377,NA,2003,2,1,f,n,f1942,NA,,
135,NA,1959,45,7,m,n,f1943,n,,
380,NA,1977,27,6,m,n,f1944,n,,
380,NA,2002,3,2,m,n,f1945,n,,
381,NA,1997,7,3,f,n,f1946,n,,
381,NA,1999,5,2,f,n,f1947,n,,
381,NA,2000,4,2,m,n,f1948,n,,
25,NA,1970,34,7,f,s,f1949,n,,
387,NA,1983,22,6,m,n,f1950,n,,
389,NA,1975,30,6,m,n,f1951,NA,,
389,NA,1975,30,6,f,n,f1952,NA,,
428,NA,1983,22,6,f,n,f1953,NA,,
391,NA,1980,24,6,f,n,f1954,n,,
393,NA,1932,63,7,f,n,f1955,n,,
390,NA,1952,43,7,f,n,f1956,s,,
390,NA,2000,4,2,m,n,f1957,NA,,
207,NA,1949,56,7,m,s,f1958,n,,
207,NA,1982,23,6,m,s,f1959,n,,
207,NA,1985,20,5,m,s,f1960,n,,
207,NA,2003,1,1,m,s,f1961,n,,
207,NA,1997,7,3,m,s,f1961,p,,
894,NA,1987,17,5,f,n,f1963,n,,
26,NA,1986,19,5,f,n,f1963,s,,
26,NA,2000,4,2,f,n,f1964,s,,
897,NA,1972,33,7,f,n,f1964,s,,
897,NA,2002,2,1,f,n,f1965,s,,
899,NA,1966,39,7,f,s,f1967,n,,
453,NA,2003,2,1,f,n,f1968,s,,
454,NA,1984,20,5,f,n,f1969,s,,
426,NA,2003,1,1,m,s,f1970,n,,
583,NA,1992,13,4,f,s,f1975,n,,
494,NA,1997,7,3,f,n,f1976,n,,
906,NA,1983,22,6,f,n,f1977,n,,
907,NA,1992,13,4,f,n,f1978,n,,
904,NA,1963,42,7,m,n,f1979,n,,
904,NA,1978,26,6,f,n,f1980,n,,
905,NA,1988,16,5,m,n,f1982,n,,
908,NA,2001,3,2,f,n,f1983,s,,
908,NA,1992,13,4,m,n,f1984,s,,
908,NA,1977,27,6,f,n,f1985,s,,
472,NA,1994,11,4,f,n,f1986,n,,
910,NA,1991,14,4,m,n,f1987,n,,
611,NA,1978,26,6,m,s,f1987,n,,
611,NA,1981,24,6,f,s,f1988,s,,
611,NA,2002,2,1,f,s,f1989,n,,
913,NA,1940,54,7,f,n,f1990,n,,
914,NA,1984,21,5,m,n,f1991,n,,
915,NA,1991,14,4,m,n,f1992,n,,
918,NA,2001,3,2,f,s,f1994,n,,
917,NA,2002,2,1,f,s,f1995,n,,
745,NA,1979,25,6,m,n,f1996,n,,
920,NA,1980,24,6,f,n,f1997,n,,
920,NA,2000,4,2,m,n,f1998,n,,
920,NA,2002,2,1,f,n,f1999,n,,
1526,NA,2001,3,2,f,s,f2003,s,,
207,NA,1970,34,7,f,s,f2008,s,,
231,NA,1999,5,2,m,s,f2010,s,,
1345,NA,1968,36,7,f,s,f2011,s,,
786,NA,1951,44,7,f,n,f2026,s,,
28,NA,1999,5,2,m,n,f2045,s,,
1155,NA,1982,23,6,f,n,f2048,s,,
8,NA,1974,29,6,m,s,f2055,s,,
3156,NA,1974,29,6,m,n,f2055,NA,furvela,
982,NA,1934,71,7,m,n,f2057,s,,
36,NA,1972,33,7,f,s,f2058,s,,
59,NA,1939,66,7,m,n,f2066,s,,
583,NA,1998,6,3,f,s,f2074,s,,
1405,NA,1960,44,7,f,n,f2075,s,,
122,NA,1998,6,3,m,n,f2088,s,,
4056,NA,2001,4,2,m,n,f2101,NA,,
4062,30/05/2001,2001,3,2,f,n,f2106,NA,,
1127,NA,1991,14,4,f,n,f2121,s,,
1301,NA,1959,45,7,f,n,f2129,s,,
583,NA,1999,5,2,f,s,f2143,s,,
583,NA,1978,26,6,f,s,f2144,s,,
1322,NA,2001,4,2,m,s,f2150,s,,
1155,NA,1968,36,7,m,n,f2160,s,,
1039,NA,1938,56,7,f,s,f2163,s,,
897,NA,2000,4,2,m,n,f2171,s,,
330,NA,1958,46,7,f,n,f2191,s,,
665,NA,2003,2,1,f,s,f2198,s,,
185,NA,2001,4,2,m,s,f2268,s,,
1546,NA,2001,4,2,m,s,f2268,NA,,
1393,NA,1944,51,7,f,n,f2272,s,,
122,NA,1994,11,4,f,n,f23151,s,,
908,NA,1991,14,4,m,n,f23188,s,,
776,NA,2002,2,1,f,n,f23203,s,,
1351,NA,1957,47,7,f,n,f23204,s,,
282,NA,1970,34,7,f,n,f23223,s,,
122,NA,1967,37,7,f,n,f23307,s,,
272,NA,2001,4,2,m,s,f2362,s,,
223,NA,1974,29,6,m,n,f2370,s,,
1161,NA,2001,3,2,f,s,f2395,s,,
43,NA,1971,34,7,f,n,f2645,s,,
279,NA,2001,3,2,f,n,f2718,s,,
692,NA,2003,1,1,m,n,f2758,s,,
919,NA,1990,14,4,m,n,f2767,s,,
289,NA,1959,45,7,m,n,f2794,NA,,
35,NA,2000,4,2,f,s,f2797,s,,
341,NA,1998,6,3,f,n,f2847,s,,
26,NA,1938,67,7,m,s,f2851,s,,
47,NA,2001,3,2,f,s,f2901,s,,
361,NA,1987,17,5,m,n,f2910,NA,,
919,NA,1947,47,7,f,n,f2920,s,,
1,NA,1940,64,7,m,n,f2923,s,,
270,NA,1974,29,6,m,n,f2947,s,,
805,NA,1964,41,7,f,s,f2961,s,,
8,NA,1982,23,6,f,s,f2964,s,,
3156,NA,1982,23,6,f,s,f2964,NA,furvela,
320,NA,1975,30,6,f,s,f2983,s,,
1070,NA,2002,3,2,m,s,f2986,s,,
1070,NA,1974,29,6,f,s,f2987,s,,
876,NA,1998,6,3,m,n,f2988,s,,
876,NA,1973,32,7,f,n,f2989,s,,
1422,NA,2000,4,2,m,n,f2990,s,,
231,NA,2001,4,2,m,s,f3003,s,,
125,NA,1947,47,7,f,s,f3009,s,,
3049,NA,1962,43,7,f,n,f3017,s,,
363,NA,1985,20,5,m,s,f3024,s,,
1062,NA,1931,74,7,m,n,f3037,s,,
1378,NA,1977,27,6,f,n,f3042,s,,
1302,NA,2001,4,2,m,n,f3044,s,,
3009,NA,1978,26,6,f,n,f3044,s,,
447,NA,1994,11,4,f,n,f3047,s,,
8,NA,2002,3,2,m,s,f3059,s,,
3156,NA,2002,3,2,m,n,f3059,NA,furvela,
1303,NA,1997,7,3,f,n,f3063,s,,
1498,NA,2001,3,2,f,s,f3066,s,,
1396,NA,1990,14,4,m,s,f3073,s,,
3009,NA,1996,9,3,m,n,f3086,n,,
3009,NA,1989,15,4,f,n,f3088,s,,
4069,NA,1995,10,3,f,n,f3095,NA,,
742,NA,1982,23,6,m,n,f3102,s,,
1302,NA,1998,6,3,m,n,f3126,s,,
814,NA,1997,7,3,m,n,f3132,s,,
3110,NA,2002,2,1,f,n,f3167,s,,
3082,NA,2002,2,1,f,n,f3180,s,,
1530,NA,1956,49,7,f,s,f3182,s,,
3009,NA,2002,3,2,m,n,f3189,s,,
325,NA,2001,3,2,f,n,f3192,s,,
1326,NA,1980,24,6,f,s,f3259,s,,
35,NA,2002,2,1,f,s,f3260,s,,
1168,NA,1966,39,7,f,n,f3271,n,,
1130,NA,1961,44,7,f,n,f3271,s,,
313,NA,2002,2,1,f,s,f3286,s,,
311,NA,1997,7,3,f,n,f3328,s,,
311,NA,1979,25,6,f,n,f3329,s,,
239,NA,2002,2,1,f,s,f3333,s,,
1360,NA,2002,2,1,f,s,f3344,s,,
1522,NA,1930,74,7,m,s,f3345,s,,
813,NA,2002,2,1,f,n,f3396,s,,
1498,NA,1981,24,6,f,s,f3402,s,,
1128,NA,2002,3,2,m,n,f3421,s,,
301,NA,1934,61,7,f,n,f3423,s,,
361,NA,1997,7,3,m,n,f3424,NA,,
364,NA,2002,3,2,m,s,f3441,s,,
223,NA,2002,2,1,f,s,f3457,s,,
281,NA,2002,3,2,m,n,f3490,s,,
4058,NA,1991,14,4,f,n,f3496,NA,,
1378,NA,2002,2,1,f,n,f3500,s,,
3043,NA,2002,2,1,f,n,f3505,s,,
3137,NA,1991,14,4,m,n,f3531,s,,
765,NA,1983,22,6,f,n,f3544,s,,
1179,NA,1935,70,7,m,s,f3598,s,,
287,NA,1979,25,6,m,s,f3651,s,,
1348,NA,2003,2,1,f,n,f3669,NA,,
325,NA,1967,37,7,f,s,f3681,s,,
270,NA,1975,30,6,f,n,f3739,s,,
823,NA,2003,2,1,f,n,f3747,s,,
823,NA,2003,2,1,f,n,f3759,s,,
409,NA,2002,2,1,f,n,f3780,s,,
827,NA,1993,12,4,f,n,f3813,s,,
112,NA,1974,29,6,m,n,f3829,s,,
1435,NA,1989,15,4,f,n,f3839,s,,
892,NA,2002,2,1,f,n,f3875,s,,
238,NA,2003,2,1,f,s,f3888,s,,
1304,NA,1994,11,4,m,n,f3896,s,,
1303,NA,1995,10,3,f,n,f3897,s,,
1496,NA,2002,3,2,m,n,f3990,NA,,
1194,NA,1997,7,3,f,n,f3992,s,,
95,NA,1998,6,3,f,n,f4008,NA,,
1445,NA,2002,2,1,f,s,f4009,s,,
1157,NA,1979,25,6,f,n,f40167,s,,
266,NA,1957,47,7,f,s,f4030,s,,
356,NA,1942,53,7,f,n,f4030,s,,
1302,NA,1972,33,7,f,s,f4031,s,,
186,NA,2000,4,2,f,s,f4096,s,,
3052,NA,2002,3,2,m,n,f4102,s,,
1323,NA,2003,2,1,f,n,f4148,s,,
1157,NA,1979,25,6,m,n,f4167,s,,
1233,NA,1976,29,6,f,n,f4189,s,,
183,NA,2002,3,2,m,n,f4190,s,,
1409,NA,2001,4,2,m,s,f4205,s,,
1409,NA,1976,29,6,f,s,f4304,s,,
186,NA,1982,23,6,f,s,f4323,NA,,
122,NA,2002,2,1,f,n,f4328,s,,
380,NA,1980,24,6,f,n,f4363,s,,
943,NA,1977,27,6,m,n,f4366,s,,
562,NA,2003,1,1,m,n,f4414,s,,
261,NA,1989,15,4,f,n,f4418,s,,
1466,NA,1954,41,7,f,n,f4425,s,,
1496,NA,1982,23,6,f,n,f4435,NA,,
225,NA,1977,27,6,f,s,f4445,s,,
1313,NA,1981,24,6,m,n,f4449,s,,
1134,NA,2002,2,1,f,s,f4462,s,,
995,NA,1975,30,6,f,n,f4484,s,,
542,NA,2003,1,1,m,n,f4487,s,,
569,NA,2003,2,1,f,n,f4488,NA,,
1325,NA,1950,55,7,m,n,f4495,n,,
4073,NA,1942,53,7,f,s,f4499,NA,,
1039,NA,1942,63,7,m,s,f4500,s,,
677,NA,2002,3,2,m,n,f4503,s,,
990,NA,1966,39,7,f,n,f4533,s,,
1186,NA,1972,33,7,m,n,f4539,s,,
1379,NA,1957,47,7,f,s,f4541,s,,
882,NA,1967,37,7,f,n,f4542,s,,
955,NA,2003,1,1,m,n,f4562,NA,,
1309,NA,1982,23,6,f,s,f4572,s,,
1309,NA,2002,2,1,f,s,f4573,s,,
303,NA,2001,3,2,f,n,f4575,s,,
889,NA,2003,1,1,m,s,f4576,s,,
1495,NA,2003,2,1,f,n,f4579,s,,
1348,NA,1984,20,5,f,n,f4585,s,,
1015,NA,1971,34,7,f,s,f4588,s,,
957,NA,1931,64,7,f,n,f4592,s,,
882,NA,1992,13,4,m,n,f4596,s,,
893,NA,2003,2,1,f,s,f4599,s,,
1457,NA,1965,40,7,f,s,f4605,s,,
331,NA,2001,4,2,m,n,f4631,n,,
3155,NA,2001,4,2,m,n,f4631,NA,M´bene,
331,NA,1997,7,3,m,n,f4632,n,,
3155,NA,1997,7,3,m,n,f4632,NA,M´bene,
786,NA,1986,19,5,f,n,f4639,s,,
1332,NA,2002,3,2,m,s,f4641,s,,
911,NA,1954,41,7,f,s,f4655,s,,
611,NA,1997,7,3,m,s,f4672,s,,
990,NA,1999,5,2,f,n,f4693,s,,
692,NA,1980,24,6,f,n,f4709,s,,
1514,NA,2000,4,2,m,n,f4713,s,,
1514,NA,1959,45,7,f,n,f4714,s,,
292,NA,1995,10,3,m,n,f4730,s,,
4092,28/08/2003,2003,1,1,f,s,f4742,NA,,
4092,28/08/2003,2003,1,1,m,s,f4743,NA,,
1361,NA,2003,2,1,f,s,f4745,s,,
707,NA,1963,42,7,f,n,f4775,s,,
3084,NA,1985,20,5,m,n,f4781,s,,
3007,NA,2003,2,1,f,s,f4793,s,,
163,NA,2003,2,1,f,s,f4808,s,,
3085,NA,1982,23,6,m,n,f4818,s,,
1008,NA,2003,1,1,m,n,f4829,s,,
1333,NA,1980,24,6,f,n,f4837,NA,,
1373,NA,1996,9,3,f,n,f4847,s,,
1377,NA,1992,13,4,f,n,f4856,s,,
1355,NA,1969,35,7,m,n,f4858,NA,,
1386,NA,2003,2,1,f,n,f4867,s,,
462,NA,2002,3,2,m,n,f4872,s,,
1067,NA,1973,32,7,m,n,f4885,s,,
1517,NA,1940,54,7,f,n,f4909,s,,
1521,NA,2003,2,1,f,n,f4920,s,,
1120,NA,2003,1,1,m,n,f4921,s,,
859,NA,2003,2,1,f,n,f4924,s,,
1185,NA,2002,3,2,m,s,f4947,NA,,
1487,NA,1934,71,7,m,n,f4956,s,,
990,NA,1996,9,3,m,n,f5000,NA,,
990,NA,1986,19,5,m,n,f5001,NA,,
992,NA,1985,20,5,f,n,f5002,n,,
992,NA,1991,14,4,f,n,f5003,n,,
988,NA,1991,14,4,m,n,f5004,n,,
985,NA,1987,17,5,m,n,f5005,n,,
986,NA,1980,24,6,f,n,f5006,n,,
986,NA,1978,26,6,m,n,f5007,n,,
986,NA,2003,2,1,f,n,f5008,n,,
987,NA,1969,35,7,m,n,f5009,n,,
987,NA,1972,33,7,f,n,f5010,n,,
987,NA,1998,6,3,f,n,f5011,n,,
987,NA,1997,7,3,f,n,f5012,n,,
987,NA,1997,7,3,f,n,f5013,n,,
982,NA,1946,49,7,f,n,f5014,n,,
622,NA,1984,21,5,m,n,f5015,n,,
989,NA,1990,14,4,f,n,f5016,n,,
669,NA,1983,22,6,f,n,f5017,n,,
539,NA,2004,1,1,m,s,f5018,s,,
669,NA,1999,5,2,f,n,f5018,n,,
35,NA,1980,24,6,f,s,f5019,n,,
687,NA,1979,25,6,f,n,f5020,n,,
687,NA,2002,2,1,f,n,f5021,n,,
804,NA,1998,6,3,f,n,f5022,n,,
804,NA,2001,4,2,m,n,f5023,n,,
3003,NA,1984,20,5,f,s,f5024,n,,
699,NA,1984,20,5,f,n,f5025,n,,
3006,NA,1986,19,5,f,s,f5026,n,,
3006,NA,2003,2,1,f,s,f5027,n,,
3011,NA,1961,44,7,f,n,f5027,n,,
3011,NA,1994,11,4,m,n,f5028,n,,
3011,NA,2002,2,1,f,n,f5029,n,,
3009,NA,1977,27,6,m,n,f5030,n,,
3009,NA,1994,11,4,f,n,f5031,n,,
626,NA,2003,2,1,f,s,f5032,n,,
3022,NA,1995,10,3,m,n,f5033,n,,
3027,NA,1991,14,4,m,n,f5034,n,,
3019,NA,1987,17,5,m,n,f5034,n,,
3025,NA,1975,30,6,m,n,f5035,n,,
3032,NA,1963,42,7,f,n,f5035,n,,
3019,NA,1986,19,5,m,n,f5036,n,,
3036,NA,1964,41,7,f,n,f5036,n,,
3036,NA,1984,20,5,f,n,f5037,n,,
941,NA,2001,3,2,f,n,f5038,n,,
3036,NA,1992,13,4,m,n,f5038,n,,
3036,NA,1981,24,6,f,n,f5039,n,,
3036,NA,1988,16,5,f,n,f5040,n,,
3036,NA,2001,3,2,f,n,f5041,n,,
3036,NA,2003,1,1,m,n,f5042,n,,
657,NA,1988,16,5,f,n,f5043,n,,
657,NA,1995,10,3,f,n,f5044,n,,
657,NA,2003,2,1,f,n,f5045,n,,
3039,NA,1986,19,5,m,n,f5046,NA,,
760,NA,2003,2,1,f,n,f5047,n,,
760,NA,2003,2,1,f,n,f5048,n,,
3050,NA,2003,1,1,m,n,f5049,NA,,
741,NA,1964,40,7,m,s,f5049,n,,
742,NA,2003,2,1,f,n,f5050,NA,,
3050,NA,1994,11,4,m,n,f5050,NA,,
3049,NA,1983,21,5,m,n,f5051,n,,
792,NA,2000,4,2,f,s,f5052,NA,,
3062,NA,1982,23,6,f,n,f5052,NA,,
3042,NA,2003,1,1,m,s,f5053,n,,
671,NA,2002,3,2,m,n,f5054,n,,
3059,NA,1947,47,7,f,n,f5054,n,,
3043,NA,1944,61,7,m,n,f5054,NA,,
3043,NA,1970,34,7,f,n,f5055,NA,,
3060,NA,1950,44,7,f,s,f5055,s,,
3060,NA,1996,9,3,m,n,f5056,n,,
3043,NA,1996,9,3,f,n,f5056,NA,,
3060,NA,1995,10,3,m,n,f5057,n,,
3044,NA,1991,14,4,m,n,f5058,n,,
3061,NA,1983,22,6,m,n,f5058,n,,
3061,NA,1983,22,6,f,n,f5059,n,,
3046,NA,1961,44,7,f,n,f5059,n,,
820,NA,2001,3,2,f,n,f5060,NA,,
3046,NA,1985,20,5,f,n,f5060,n,,
3046,NA,2000,4,2,f,n,f5061,n,,
3046,NA,1992,13,4,m,n,f5061,n,,
565,NA,1985,20,5,f,s,f5061,NA,,
787,NA,1920,84,7,m,n,f5063,n,,
3045,NA,1998,6,3,f,n,f5064,n,,
3048,NA,1993,12,4,m,n,f5064,n,,
3064,NA,1983,22,6,f,s,f5065,NA,,
3047,NA,1977,27,6,m,s,f5065,NA,,
3064,NA,2003,2,1,f,s,f5066,NA,,
3047,NA,1982,23,6,f,s,f5066,NA,,
3047,NA,2000,4,2,f,s,f5067,s,,
3063,NA,1981,24,6,f,s,f5067,n,,
3047,NA,2003,1,1,m,s,f5068,NA,,
3063,NA,1980,24,6,m,s,f5068,n,,
3065,NA,1976,29,6,m,n,f5069,NA,,
563,NA,1997,7,3,m,n,f5070,NA,,
563,NA,1997,7,3,m,NA,f5070,NA,,
3072,NA,1972,33,7,m,n,f5075,n,,
3072,NA,1979,25,6,f,n,f5076,n,,
539,NA,1958,46,7,m,n,f5077,s,,
608,NA,1981,24,6,f,n,f5078,n,,
608,NA,1995,10,3,m,n,f5079,n,,
608,NA,1993,12,4,m,n,f5080,n,,
608,NA,2000,4,2,f,n,f5081,n,,
606,NA,1997,7,3,m,n,f5083,NA,,
3077,NA,1934,61,7,f,s,f5084,NA,,
3078,NA,1941,54,7,f,n,f5085,n,,
3080,NA,1990,14,4,f,n,f5086,n,,
3081,NA,1987,17,5,m,n,f5087,n,,
3085,NA,1983,21,6,f,n,f5093,NA,,
3086,NA,1997,7,3,m,n,f5094,NA,,
3086,NA,1997,7,3,m,n,f5095,NA,,
3087,NA,1960,44,7,m,n,f5096,n,,
3087,NA,1983,21,6,f,n,f5097,n,,
3089,NA,1986,19,5,m,n,f5098,n,,
3088,NA,1958,46,7,f,s,f5099,n,,
1113,NA,1972,33,7,m,s,f5100,n,,
1113,NA,2003,1,1,m,s,f5101,n,,
1114,NA,1980,24,6,f,s,f5102,n,,
1323,NA,1962,43,7,m,n,f5103 ,n,,
1323,NA,1970,34,7,f,n,f5104,n,,
1323,NA,1994,11,4,f,n,f5105,n,,
1323,NA,1997,7,3,m,n,f5106,n,,
1323,NA,2000,4,2,m,n,f5107,n,,
1374,NA,1982,23,6,m,n,f5107,n,,
1324,NA,1986,19,5,m,n,f5108,n,,
1134,NA,1963,42,7,f,s,f5109,n,,
1134,NA,1976,29,6,f,s,f5111,s,,
1328,NA,1972,33,7,m,s,f5112,n,,
1329,NA,1932,63,7,f,n,f5113,n,,
1332,NA,1984,21,5,m,s,f5114,n,,
1332,NA,1995,10,3,f,s,f5115,n,,
1333,NA,1955,50,7,m,s,f5116,NA,,
1333,NA,1968,36,7,f,s,f5117,NA,,
1333,NA,1999,5,2,f,n,f5118,NA,,
1333,NA,2002,3,2,m,n,f5119,NA,,
1335,NA,1990,14,4,m,n,f5120,n,,
1335,NA,1992,13,4,m,n,f5121,n,,
1334,NA,1977,27,6,f,s,f5122,NA,,
1334,NA,1990,14,4,f,s,f5123,NA,,
1007,NA,1980,24,6,f,n,f5124,n,,mudou-se pagula
1006,NA,1963,42,7,m,s,f5125,n,,
1006,NA,1972,33,7,f,s,f5126,n,,
1006,NA,2002,2,1,f,s,f5127,n,,
1007,NA,2000,4,2,m,n,f5128,n,,mudou-se em I´bane
1010,NA,1948,57,7,m,n,f5129,n,,
1015,NA,1948,57,7,m,s,f5129,n,,
1010,NA,1959,45,7,f,n,f5130,n,,
1010,NA,1990,14,4,f,n,f5131,n,,
1010,NA,1996,9,3,f,n,f5132,n,,
1012,NA,1982,23,6,m,s,f5133,n,,
1388,NA,1988,16,5,m,n,f5134,n,,
1014,NA,1985,20,5,m,n,f5134,n,,
1232,NA,1930,74,7,m,s,f5135,n,,
1232,NA,1942,53,7,f,s,f5136,n,,
1337,NA,1988,16,5,m,s,f5137,n,,
1233,NA,1994,11,4,m,n,f5138,n,,
1233,NA,1998,6,3,m,n,f5139,n,,
1349,NA,2003,2,1,f,s,f5140,n,,
1233,NA,1996,9,3,m,n,f5140,n,,
1356,NA,1993,12,4,f,n,f5141,n,,
1341,NA,1998,6,3,m,s,f5143,n,,
1341,NA,1989,15,4,f,s,f5144,n,,
1350,NA,1977,27,6,m,n,f5144,n,,
1350,NA,1982,23,6,f,n,f5145,n,,
1350,NA,1999,5,2,m,n,f5146,n,,
1350,NA,2002,3,2,m,n,f5147,n,,
1351,NA,1960,44,7,m,n,f5148,n,,
1352,NA,1989,15,4,m,n,f5149,n,,
1353,NA,1982,23,6,f,n,f5150,n,,
1353,NA,1999,5,2,m,n,f5151,n,,
1354,NA,1996,9,3,f,n,f5152,n,,
1358,NA,1964,41,7,f,s,f5155,n,,
1358,NA,1959,45,7,m,s,f5156,n,,
1358,NA,2003,2,1,f,s,f5157,n,,
1359,NA,1988,16,5,f,n,f5158,n,,
1359,NA,2000,4,2,f,n,f5159,n,,
1362,NA,1988,16,5,f,n,f5160,n,,
1361,NA,1979,25,6,m,s,f5161,n,,
1361,NA,1982,23,6,f,s,f5162,n,,
1074,NA,1992,13,4,m,s,f5163,n,,
1073,NA,1944,61,7,m,s,f5164,n,,
1073,NA,1975,30,6,f,s,f5165,n,,
1073,NA,1994,11,4,f,n,f5166,n,,
1073,NA,1984,20,5,f,n,f5167,n,,
1075,NA,1984,21,5,m,n,f5168,n,,
1364,NA,1986,19,5,f,n,f5169,n,,
1076,NA,1994,11,4,m,n,f5170 ,n,,
1076,NA,1997,7,3,f,n,f5171,n,,
1365,NA,1980,24,6,m,n,f5172,n,,
1368,NA,1985,20,5,m,n,f5174,n,,
1367,NA,1979,25,6,m,s,f5175,n,,
1367,NA,1982,23,6,f,s,f5176,n,,
1367,NA,1999,5,2,m,s,f5177,n,,
1360,NA,1965,40,7,m,s,f5182,NA,,
1371,NA,1989,15,4,f,n,f5183,n,,
1371,NA,1992,13,4,f,n,f5184,n,,
1062,NA,1978,26,6,f,n,f5185,n,,
1065,NA,1983,22,6,m,n,f5186,n,,
1065,NA,1985,20,5,m,n,f5187,n,,
1070,NA,1999,5,2,f,s,f5188,n,,
1068,NA,1989,15,4,m,n,f5189,n,,
1068,NA,1991,14,4,m,n,f5190,n,,
1068,NA,1988,16,5,m,n,f5191,n,,
1068,NA,1997,7,3,m,n,f5192,n,,
1068,NA,1980,24,6,m,s,f5193,n,,
1372,NA,1986,19,5,m,n,f5194,n,,
1161,NA,1977,27,6,m,s,f5195,n,,
1163,NA,1950,55,7,m,s,f5195,n,,
1163,NA,1960,44,7,f,s,f5196,n,,
1163,NA,1999,5,2,m,n,f5197,n,,
1162,NA,1988,16,5,m,n,f5198,n,,
1162,NA,1981,24,6,m,n,f5199,n,,
1166,NA,1992,13,4,m,n,f5200,n,,
1166,NA,1954,41,7,f,n,f5201,n,,
1069,NA,1972,33,7,f,n,f5202,n,,
1069,NA,2001,3,2,f,n,f5203,n,,
1099,NA,1960,44,7,m,n,f5204,n,,
1099,NA,1978,26,6,f,n,f5205,n,,
1373,NA,1988,16,5,f,s,f5206,n,,
1375,NA,1986,19,5,m,n,f5208,n,,
1375,NA,1987,17,5,f,n,f5209,n,,
1376,NA,1954,41,7,f,n,f5210,n,,
1376,NA,1990,14,4,f,n,f5211,n,,
1376,NA,2001,3,2,f,n,f5212,n,,
1377,NA,1994,11,4,f,n,f5213,n,,
1378,NA,1970,34,7,m,n,f5214,n,,
1120,NA,1935,70,7,m,n,f5215,n,,
1120,NA,1968,36,7,f,n,f5216,n,,
1120,NA,2000,4,2,m,n,f5217,n,,
1119,NA,1992,13,4,f,n,f5218,n,,
1119,NA,1995,10,3,f,n,f5219,n,,
1119,NA,1998,6,3,f,n,f5220,n,,
1119,NA,1989,15,4,m,n,f5221,n,,
1379,NA,1949,56,7,m,s,f5222,n,,
1380,NA,1990,14,4,f,n,f5223,n,,
1380,NA,1993,12,4,m,n,f5224,n,,
1380,NA,2000,4,2,f,n,f5225,n,,
1382,NA,1965,40,7,f,n,f5226,n,,
1382,NA,1990,14,4,m,n,f5227,n,,
1382,NA,1994,11,4,m,n,f5228,n,,
1382,NA,2000,4,2,f,n,f5229,n,,
1383,NA,1974,29,6,m,s,f5230,NA,,
1383,NA,1978,26,6,f,s,f5231,NA,,
1384,NA,1995,10,3,m,n,f5232,n,,
1384,NA,2000,4,2,m,n,f5233,n,,
1389,NA,1971,34,7,f,n,f5235,n,,
1389,NA,1994,11,4,m,n,f5236,n,,
1126,NA,1995,10,3,m,n,f5237,n,,
1058,NA,1999,5,2,f,n,f5238,n,,
1058,NA,1995,10,3,m,n,f5239,n,,
1058,NA,1997,7,3,m,n,f5240,n,,
1058,NA,1995,10,3,m,n,f5241,n,,
1395,NA,1950,44,7,f,s,f5243,n,,
1398,NA,1982,23,6,m,s,f5244,n,,
1398,NA,1982,23,6,f,s,f5245,n,,
1398,NA,2003,2,1,f,s,f5246,n,,
1443,NA,1999,5,2,f,s,f5247,n,,
1397,NA,1948,57,7,m,n,f5247,n,,
1443,NA,2001,3,2,f,s,f5248,n,,
1399,NA,1987,17,5,m,n,f5248,n,,
1398,NA,1992,13,4,f,n,f5249,n,,
1400,NA,1958,46,7,m,n,f5250,n,,
1402,NA,1986,19,5,m,s,f5251,n,,
1403,NA,1990,14,4,f,s,f5252,n,,
1401,NA,1985,20,5,f,n,f5252,n,,
1404,NA,1998,6,3,f,n,f5253,n,,
1401,NA,1989,15,4,f,n,f5253,n,,
1404,NA,1982,23,6,m,n,f5253 ,n,,
1401,NA,1995,10,3,m,n,f5254,n,,
1401,NA,1956,49,7,f,n,f5255,n,,
1405,NA,1951,54,7,m,n,f5255,n,,
1406,NA,1994,11,4,m,n,f5256,n,,
1407,NA,2003,1,1,m,n,f5257,NA,,
1407,NA,1958,46,7,m,n,f5258,n,,
1407,NA,1962,43,7,f,n,f5259,n,,
1407,NA,1990,14,4,f,n,f5260,n,,
1407,NA,1994,11,4,m,n,f5261,n,,
1407,NA,1990,14,4,f,n,f5262,n,,
1181,NA,1967,37,7,m,s,f5263,n,,
1181,NA,1972,33,7,f,s,f5264,n,,
1181,NA,1996,9,3,f,s,f5265,n,,
1181,NA,2001,4,2,m,s,f5266,n,,
1185,NA,1986,19,5,f,s,f5266,NA,,
1184,NA,1985,20,5,f,n,f5268,NA,,
1184,NA,2003,1,1,m,n,f5269,NA,,
1183,NA,1995,10,3,f,n,f5270,NA,,
1408,NA,1990,14,4,m,n,f5272,n,,
1467,NA,1974,29,6,m,n,f5273,n,,
1411,NA,1970,34,7,m,n,f5273,n,,
1467,NA,1983,22,6,f,n,f5274,n,,
1411,NA,1949,45,7,f,n,f5274,n,,
1412,NA,1967,37,7,f,n,f5275,n,,
1413,NA,1970,34,7,m,s,f5276,n,,
1413,NA,1970,34,7,f,s,f5277,n,,
1415,NA,1986,19,5,m,s,f5278,n,,
1414,NA,1961,44,7,f,s,f5279,n,,
1414,NA,1990,14,4,f,s,f5280,n,,
1414,NA,1990,14,4,f,s,f5281,n,,
1414,NA,1952,53,7,m,s,f5282,n,,
1416,NA,1952,53,7,m,s,f5282,n,,
1416,NA,1975,30,6,f,s,f5283,n,,
1416,NA,1997,7,3,m,s,f5284,n,,
1409,NA,1976,29,6,m,s,f5285,n,,
1422,NA,1952,53,7,m,n,f5285,n,,
1422,NA,1957,47,7,f,n,f5286,n,,
1423,NA,1917,77,7,f,n,f5287,n,,
1424,NA,1989,15,4,m,n,f5288,n,,
1425,NA,1982,23,6,m,n,f5289,n,,
1426,NA,1954,51,7,m,n,f5290,NA,,
1427,NA,1997,7,3,m,n,f5291,n,,
1410,NA,1958,46,7,m,s,f5292,n,,
1431,NA,1957,47,7,m,n,f5292,n,,
1410,NA,1962,43,7,f,s,f5293,n,,
1410,NA,2000,4,2,f,s,f5294,n,,
1428,NA,1987,17,5,f,n,f5295,n,,
1429,NA,1935,60,7,f,n,f5296,n,,
1430,NA,1930,74,7,m,n,f5297,n,,
1430,NA,1940,54,7,f,n,f5298,n,,
1431,NA,1965,40,7,f,n,f5300,n,,
1431,NA,1985,20,5,f,n,f5301,n,,
1431,NA,1995,10,3,f,n,f5302,n,,
1431,NA,2000,4,2,f,n,f5303,n,,
1431,NA,1998,6,3,m,n,f5304,n,,
1432,NA,1990,14,4,m,n,f5305,n,,
1433,NA,1975,30,6,m,s,f5306,n,,
1127,NA,1992,13,4,m,n,f5310,n,,
1128,NA,1967,37,7,f,n,f5311,n,,
1305,NA,1981,24,6,m,n,f5312,n,,
1303,NA,2003,1,1,m,n,f5313,n,,
1304,NA,2003,1,1,m,n,f5314,n,,
1452,NA,1938,56,7,f,s,f5315,n,,
1452,NA,1984,20,5,f,s,f5316,n,,
1452,NA,2003,2,1,f,s,f5317,n,,
1453,NA,1938,67,7,m,s,f5318,n,,
1453,NA,1944,51,7,f,s,f5319,n,,
1453,NA,1975,28,6,m,s,f5320,n,,
1453,NA,1982,23,6,m,s,f5321,n,,
1453,NA,1994,11,4,m,s,f5322,n,,
1454,NA,1952,53,7,m,s,f5323,n,,
1454,NA,1978,26,6,f,s,f5324,n,,
1455,NA,1987,17,5,f,s,f5325,n,,
1455,NA,1999,5,2,f,s,f5326,n,,
1456,NA,1990,14,4,m,n,f5327,n,,
1456,NA,1992,13,4,m,n,f5328,n,,
1084,NA,1975,30,6,m,s,f5330,n,,
1084,NA,1974,29,6,f,s,f5331,n,,
1436,NA,1932,63,7,f,s,f5332,n,,
1085,NA,1986,19,5,f,n,f5333,n,,
1437,NA,1982,23,6,f,n,f5334,n,,
1437,NA,2001,3,2,f,n,f5335,n,,
1438,NA,1993,12,4,m,n,f5336,n,,
1439,NA,1988,16,5,m,n,f5337,n,,
1440,NA,1949,45,7,f,n,f5338,n,,
1440,NA,1962,43,7,m,n,f5339,n,,
1441,NA,1975,30,6,m,n,f5340,n,,
1442,NA,1944,51,7,f,n,f5341,n,,
1442,NA,1992,13,4,f,n,f5342,n,,
1444,NA,1987,17,5,f,n,f5343,n,,
1444,NA,1994,11,4,f,n,f5344,n,,
1443,NA,1971,34,7,m,s,f5345,n,,
1443,NA,1972,33,7,f,s,f5346,n,,
1446,NA,1993,12,4,f,s,f5350,n,,
1446,NA,1994,11,4,f,s,f5351,n,,
1447,NA,1987,17,5,m,s,f5352,n,,
1186,NA,2003,1,1,m,n,f5353,n,,
1406,NA,1986,19,5,m,n,f5353,n,,
1445,NA,1935,70,7,m,s,f5353,n,,
1448,NA,1994,11,4,f,n,f5354,n,,
1445,NA,1972,33,7,f,s,f5354,n,,
1448,NA,1990,14,4,f,n,f5355,n,,
1449,NA,1956,49,7,m,n,f5356,n,,
1449,NA,1976,29,6,f,n,f5357,n,,
1450,NA,1987,17,5,m,n,f5358,n,,
1469,NA,1932,73,7,m,n,f5359,n,,
1469,NA,1943,52,7,f,n,f5360,n,,
1470,NA,1974,29,6,f,s,f5361,n,,
1470,NA,1959,45,7,m,s,f5362,n,,
1471,NA,1995,10,3,f,n,f5363,n,,
1473,NA,1934,61,7,f,s,f5364,n,,
1474,NA,1954,51,7,m,s,f5365,n,,
1474,NA,1958,46,7,f,s,f5366,n,,
1475,NA,1971,34,7,m,s,f5367,n,,
1475,NA,1972,33,7,f,s,f5368,n,,
1476,NA,1958,46,7,m,s,f5369,n,,
1483,NA,1958,46,7,m,s,f5369,n,,
1476,NA,1965,40,7,f,s,f5370,n,,
1477,NA,1982,23,6,m,s,f5371,n,,
1468,NA,1928,66,7,f,n,f5372,n,,
1366,NA,1984,21,5,m,n,f5373,n,,
1467,NA,2003,2,1,f,n,f5375,n,,
1466,NA,2000,4,2,f,n,f5376,n,,
1466,NA,1989,15,4,f,n,f5377,n,,
1465,NA,1994,11,4,m,n,f5378,n,,
1459,NA,1953,52,7,m,s,f5379,n,,
1459,NA,1974,29,6,f,s,f5380,n,,
1459,NA,2003,2,1,f,s,f5381,n,,
1459,NA,2001,3,2,f,s,f5382,n,,
1458,NA,1984,20,5,f,s,f5383,n,,
1458,NA,1976,29,6,m,s,f5384,n,,
1460,NA,1980,24,6,f,n,f5385,n,,
1460,NA,1980,24,6,m,n,f5386,n,,
1460,NA,2001,4,2,m,n,f5387,n,,
1460,NA,1953,52,7,m,n,f5388,n,,
1460,NA,1968,36,7,f,n,f5389,n,,
1460,NA,1999,5,2,f,n,f5390,n,,
1463,NA,1944,51,7,f,n,f5391,n,,
1463,NA,1985,20,5,f,n,f5392,n,,
1463,NA,1987,17,5,m,n,f5393,n,,
1463,NA,2001,4,2,m,n,f5394,n,,
1462,NA,1964,41,7,m,n,f5395,n,,
1462,NA,1974,29,6,f,n,f5396,n,,
1462,NA,2001,4,2,m,n,f5397,n,,
1462,NA,1995,10,3,f,n,f5398,n,,
1478,NA,1971,34,7,m,s,f5399,n,,
1479,NA,1992,13,4,f,n,f5401,n,,
1479,NA,1995,10,3,f,n,f5402,n,,
1479,NA,1998,6,3,f,n,f5403,n,,
1480,NA,1938,56,7,f,n,f5404,n,,
1480,NA,1992,13,4,f,n,f5405,n,,
1480,NA,1995,10,3,m,n,f5406,n,,
1481,NA,1986,19,5,m,n,f5407,n,,
1481,NA,1988,16,5,f,n,f5408,n,,
1482,NA,1983,22,6,m,n,f5409,n,,
1478,NA,1974,29,6,f,s,f5409,n,,
1483,NA,1963,42,7,f,s,f5410,n,,
1483,NA,2001,4,2,m,s,f5411,n,,
1484,NA,1965,40,7,f,s,f5412,n,,
1484,NA,2000,4,2,m,s,f5413,n,,
1484,NA,2002,2,1,f,s,f5414,n,,
1485,NA,1980,24,6,m,s,f5415,n,,
1486,NA,1980,24,6,m,s,f5415,n,,
1485,NA,1982,23,6,f,s,f5416,n,,
1485,NA,2003,2,1,f,s,f5417,n,,
1486,NA,1982,23,6,f,s,f5418,n,,
1486,NA,2003,2,1,f,s,f5419,n,,
1489,NA,1993,12,4,m,n,f5420,n,,
1487,NA,1984,21,5,m,s,f5420,n,,
1490,NA,1942,63,7,m,n,f5421,n,,
1490,NA,1954,41,7,f,n,f5422,n,,
1490,NA,1994,11,4,m,n,f5423,n,,
1490,NA,1998,6,3,m,n,f5424,n,,
1491,NA,1985,20,5,f,n,f5425,n,,
1491,NA,2003,1,1,m,n,f5426,n,,
1491,NA,1977,27,6,m,n,f5427,n,,
1492,NA,1973,32,7,m,s,f5428,n,,
1492,NA,2003,1,1,m,s,f5429,n,,
1493,NA,1980,24,6,m,n,f5430,n,,
1493,NA,1985,20,5,m,n,f5431,n,,
1494,NA,1943,52,7,f,s,f5432,n,,
1496,NA,1994,11,4,f,n,f5433,NA,,
1496,NA,1996,9,3,m,n,f5434,NA,,
1496,NA,1998,6,3,f,n,f5435,NA,,
1497,NA,1946,59,7,m,s,f5436,n,,
1497,NA,1952,43,7,f,s,f5437,n,,
1497,NA,1991,14,4,f,s,f5438,n,,
1498,NA,1969,35,7,m,s,f5439,n,,
1500,NA,1969,35,7,m,s,f5440,n,,
1500,NA,1976,29,6,f,s,f5441,n,,
1500,NA,1995,10,3,m,s,f5442,n,,
1500,NA,1997,7,3,f,s,f5443,n,,
1500,NA,2001,3,2,f,s,f5444,n,,
1501,NA,1989,15,4,m,n,f5445,n,,
1501,NA,1989,15,4,m,n,f5446,n,,
1502,NA,1976,29,6,m,s,f5447,n,,
1502,NA,1972,33,7,f,s,f5448,n,,
1502,NA,2001,4,2,m,s,f5449,n,,
1503,NA,1982,23,6,m,n,f5450,n,,
1504,NA,1993,12,4,f,n,f5451,n,,
1505,NA,1930,74,7,m,n,f5452,n,,
1505,NA,1939,55,7,f,n,f5453,n,,
1505,NA,1994,11,4,f,n,f5454,n,,
1506,NA,1979,25,6,m,s,f5455,n,,
1506,NA,1981,24,6,f,s,f5456,n,,
1506,NA,2002,3,2,m,s,f5457,n,,
1507,NA,1929,76,7,m,n,f5458,n,,
1507,NA,1932,63,7,f,n,f5459,n,,
1508,NA,1949,45,7,f,n,f5460,n,,
1509,NA,1983,22,6,m,n,f5461,n,,
1531,NA,1978,26,6,f,n,f5462,n,,
1312,NA,1944,61,7,m,n,f5462,n,,
1312,NA,1952,43,7,f,n,f5463,n,,
1532,NA,1950,44,7,f,n,f5463,n,,
1510,NA,1982,23,6,f,n,f5464,n,,
1510,NA,1986,19,5,f,n,f5465,n,,
1511,NA,1990,14,4,m,n,f5466,n,,
1512,NA,1991,14,4,f,n,f5467,n,,
1513,NA,1988,16,5,m,n,f5468,n,,
1513,NA,1988,16,5,m,n,f5469,n,,
1514,NA,1997,7,3,f,n,f5470,n,,
1515,NA,1993,12,4,m,n,f5471,n,,
1516,NA,1980,24,6,m,n,f5472,n,,
1520,NA,1972,33,7,m,n,f5473,n,,
1521,NA,1970,34,7,m,n,f5474,n,,
1521,NA,1979,25,6,f,n,f5475,n,,
1521,NA,2001,3,2,f,n,f5476,n,,
1523,NA,1925,70,7,f,s,f5477,n,,
1524,NA,1943,62,7,m,n,f5478,n,,
1524,NA,1946,49,7,f,n,f5479,n,,
1524,NA,1990,14,4,m,n,f5480,n,,
1525,NA,1944,51,7,f,n,f5481,n,,
1526,NA,1984,21,5,m,s,f5482,n,,
1542,NA,1987,17,5,m,s,f5483,n,,
1527,NA,1986,19,5,m,s,f5483,n,,
1528,NA,1973,32,7,m,n,f5484,n,,
1529,NA,1987,17,5,m,n,f5486,NA,,
3088,NA,1995,10,3,f,n,f5500,n,,
3088,NA,1991,14,4,f,n,f5501,n,,
571,NA,1996,9,3,f,n,f5503,n,,
586,NA,1924,81,7,m,n,f5504,NA,,
586,NA,1948,46,7,f,n,f5505,NA,,
3092,NA,1990,14,4,m,n,f5506,NA,,
3091,NA,1930,64,7,f,n,f5506,n,,
3093,NA,1959,45,7,f,n,f5507,n,,
3093,NA,1996,9,3,f,n,f5508,n,,
604,NA,1997,7,3,m,n,f5509,NA,,
3096,NA,1967,37,7,m,n,f5510,n,,
590,NA,1989,15,4,f,n,f5511,s,,
3097,NA,1982,23,6,m,n,f5512,NA,,
3098,NA,1966,39,7,f,n,f5513,n,,
3098,NA,1993,12,4,f,n,f5514,n,,
3099,NA,1990,14,4,m,n,f5515,NA,,
3099,NA,1997,7,3,m,n,f5516,NA,,
3100,NA,1953,42,7,f,n,f5518,n,,
3100,NA,1992,13,4,f,n,f5519,n,,
3101,NA,1988,16,5,m,n,f5520,n,,
3144,NA,1948,46,7,f,n,f5529,n,,
3144,NA,1989,15,4,f,n,f5530,n,,
3153,NA,1955,40,7,f,s,f5530,NA,M´bene,
3153,NA,1996,9,3,m,s,f5531,NA,M´bene,
3111,NA,1940,64,7,m,n,f5531,n,,
3154,NA,2004,1,1,f,s,f5532,NA,M´bene,
3153,NA,1989,15,4,f,s,f5532,NA,M´bene,
3111,NA,1960,44,7,f,n,f5532,n,,
3156,NA,2003,1,1,m,s,f5533,NA,furvela,
3109,NA,1932,63,7,f,n,f5533,n,,
3158,NA,1978,26,6,m,s,f5534,NA,M´bene,
3102,NA,1935,70,7,m,n,f5534,s,,
3158,NA,1987,17,5,f,s,f5535,NA,M´bene,
3102,NA,1944,51,7,f,n,f5535,n,,
3158,NA,2004,1,1,m,s,f5536,NA,M´bene,
3102,NA,1998,6,3,f,n,f5536,n,,
3159,NA,1998,6,3,m,n,f5537,NA,M´bene,
3102,NA,1988,16,5,f,n,f5537,n,,
3102,NA,1998,6,3,f,n,f5538,n,,
3108,NA,1979,25,6,f,n,f5538,n,,
3159,NA,1957,47,7,f,n,f5538,NA,M´bene,
1336,NA,2000,4,2,m,NA,f5539,NA,,
3103,NA,1952,53,7,m,n,f5539,n,,
3103,NA,1959,45,7,f,n,f5540,n,,
3113,NA,1972,33,7,m,n,f5541,n,,
3104,NA,1945,60,7,m,n,f5541,n,,
3104,NA,1953,42,7,f,n,f5542,n,,
3105,NA,1986,19,5,m,n,f5543,n,,
3105,NA,1989,15,4,m,n,f5544,n,,
1355,NA,2004,1,1,f,n,f5545,NA,,
3106,NA,1929,76,7,m,n,f5545,n,,
3106,NA,1944,51,7,f,n,f5546,n,,
3106,NA,1994,11,4,f,n,f5547,n,,
3107,NA,1975,30,6,f,n,f5548,n,,
1367,NA,2004,1,1,f,s,f5549,n,,
3114,NA,1968,36,7,m,n,f5550,n,,
3114,NA,1972,33,7,f,n,f5551,n,,
3114,NA,1997,7,3,f,n,f5552,n,,
3114,NA,2000,4,2,f,n,f5553,n,,
3115,NA,1991,14,4,f,n,f5554,n,,
3116,NA,1963,42,7,f,n,f5555,n,,
3117,NA,1997,7,3,f,n,f5556,n,,
860,NA,1991,14,4,f,n,f5557,n,,
3118,NA,2003,2,1,f,n,f5558,n,,
3119,NA,1984,21,5,m,n,f5559,n,,
3119,NA,1983,22,6,f,n,f5560,n,,
855,NA,1985,20,5,f,n,f5561,n,,
852,NA,1937,68,7,m,n,f5562,n,,
3120,NA,1954,41,7,f,n,f5563,s,,
3121,NA,1949,56,7,m,n,f5564,n,,
3121,NA,1950,44,7,f,n,f5565,n,,
3121,NA,1987,17,5,f,n,f5566,n,,
3122,NA,1961,44,7,m,n,f5566rep,n,,
3121,NA,1990,14,4,f,n,f5567,n,,
3124,NA,2002,2,1,f,n,f5567rep,NA,,
3121,NA,1992,13,4,f,n,f5568,n,,
774,NA,1988,16,5,f,n,f5568,n,,
4022,NA,1987,17,5,f,n,f5568,NA,,
4022,NA,1995,10,3,f,n,f5569,NA,,
3121,NA,1989,15,4,m,n,f5569,n,,
827,NA,1982,23,6,f,n,f5569,s,,
827,NA,2003,2,1,f,n,f5570,s,,
4022,NA,1992,13,4,f,n,f5570,NA,,
3126,NA,2002,2,1,f,n,f5571,s,,
837,NA,1975,30,6,f,s,f5574,p,,
837,NA,2002,3,2,m,s,f5575,p,,
3130,NA,1978,26,6,f,s,f5576,n,,
3130,NA,2003,1,1,m,s,f5577,n,,
3137,NA,1934,61,7,f,n,f5578,n,,
847,NA,1992,13,4,m,n,f5579,n,,
3139,NA,2003,1,1,m,n,f5580,n,,
4039,NA,1983,22,6,m,s,f5595,NA,,
4039,NA,1980,24,6,f,s,f5596,NA,,
4039,NA,2004,1,1,m,s,f5597,NA,,
4040,NA,1989,15,4,f,s,f5598,NA,,
4040,NA,2004,1,1,m,s,f5599,NA,,
4052,NA,1980,24,6,m,s,f5700,NA,,
4052,NA,1983,22,6,f,s,f5701,NA,,
4052,NA,2000,4,2,f,n,f5702,NA,,
4053,NA,1982,23,6,m,s,f5703,NA,,
4042,NA,1941,64,7,m,s,f5707,NA,,
4042,NA,1952,43,7,f,s,f5708,NA,,
4043,NA,1974,29,6,m,s,f5709,NA,,
4043,NA,1981,24,6,f,s,f5710,NA,,
4043,NA,2001,4,2,m,n,f5711,NA,,
4043,NA,2004,1,1,m,n,f5712,NA,,
4044,NA,1988,16,5,f,n,f5713,NA,,
4056,NA,1977,27,6,f,s,f5714,NA,,
4056,NA,1998,6,3,f,n,f5715,NA,,
4056,20/06/2004,2004,1,1,f,s,f5716,NA,,
4073,NA,1998,6,3,f,s,f5717,NA,,
4093,NA,1959,45,7,f,n,f5719,NA,,
4093,NA,1956,49,7,f,n,f5719,NA,,
4092,NA,1984,20,5,f,s,f5720,NA,,
4089,NA,1982,23,6,f,n,f5721,NA,,
4068,NA,1982,23,6,m,n,f5722,NA,,
4068,NA,1987,17,5,f,n,f5723,NA,,
4067,NA,1979,25,6,m,n,f5724,NA,,
4067,NA,1982,23,6,f,n,f5725,NA,,
4064,NA,1937,68,7,m,s,f5726,NA,,
4065,NA,1990,14,4,m,n,f5727,NA,,
4066,NA,1994,11,4,m,n,f5728,NA,,
4079,NA,1954,51,7,m,s,f5729,NA,,
4079,NA,1992,13,4,m,s,f5730,NA,,
4079,NA,2000,4,2,m,s,f5731,NA,,
4081,NA,1983,22,6,m,s,f5732,NA,,
4081,NA,1983,22,6,f,s,f5733,NA,,
4080,NA,1983,22,6,m,s,f5734,NA,,
4080,NA,1979,25,6,f,n,f5735,NA,,
4061,NA,1968,36,7,m,n,f5736,NA,,
4061,NA,1976,29,6,f,n,f5737,NA,,
4060,NA,1979,25,6,m,n,f5738,NA,,
4060,NA,1982,23,6,f,n,f5739,NA,,
4049,NA,1985,20,5,f,n,f5740,NA,,
4049,19/02/2004,2004,1,1,f,n,f5741,NA,,
4047,NA,1942,63,7,m,n,f5742,NA,,
4047,NA,1991,14,4,m,n,f5743,NA,,
4051,NA,1985,20,5,m,n,f5744,NA,,
4051,NA,1979,25,6,m,n,f5745,NA,,
4048,NA,1989,15,4,f,n,f5746,NA,,
4072,NA,1959,45,7,f,n,f5747,NA,,
4072,NA,1989,15,4,m,n,f5748,NA,,
4072,NA,1997,7,3,f,n,f5749,NA,,
4072,14/08/2002,2002,2,1,f,n,f5750,NA,,
4050,NA,1974,29,6,m,n,f5753,NA,,
4050,NA,1986,19,5,f,n,f5754,NA,,
4050,20/03/2004,2004,1,1,f,n,f5755,NA,,
855,NA,2001,3,2,f,n,f6006,s,,
3119,NA,2004,0.5,1,m,n,f6067,s,,
4062,NA,1954,41,7,f,n,f6124,NA,,
4022,NA,1991,14,4,f,n,f6170,NA,furvela,
4064,NA,1951,44,7,f,s,f6175,NA,,
1544,NA,1984,20,5,f,n,f6252,NA,,
3159,NA,2000,4,2,m,n,f6408,NA,furvela,
3165,NA,2004,1,1,m,s,f6415,NA,,
4091,29/03/2004,2004,1,1,f,s,f6554,NA,,
4060,03/10/2003,2003,1,1,m,n,f6614,NA,,
1327,NA,1986,19,5,m,n,f7788,s,,
725,NA,2003,1,1,m,n,NA,n,,
333,NA,2001,3,2,f,n,NA,n,,
583,NA,2001,4,2,m,s,NA,n,,
1304,NA,1996,9,3,m,n,NA,NA,,
420,NA,1995,10,3,f,n,NA,n,,
583,NA,1995,10,3,m,s,NA,n,,
583,NA,1993,12,4,f,s,NA,n,,
454,NA,1993,12,4,f,n,NA,NA,,
735,NA,1992,13,4,f,n,NA,NA,,
735,NA,1992,13,4,m,n,NA,NA,,
1545,NA,1992,13,4,f,s,NA,NA,,
100,NA,1991,14,4,m,s,NA,n,,
3154,NA,1987,17,5,f,s,NA,NA,M´bene,
484,NA,1984,20,5,f,n,NA,n,,
1153,NA,1984,20,5,f,s,NA,NA,,
838,NA,1983,21,6,f,n,NA,NA,,
3050,NA,1983,21,6,f,NA,NA,NA,,
522,NA,1983,22,6,f,n,NA,n,,
942,NA,1982,23,6,m,s,NA,n,,
1113,NA,1982,23,6,f,s,NA,n,,
1529,NA,1982,23,6,m,n,NA,n,,
1153,NA,1982,23,6,f,s,NA,NA,,
1304,NA,1981,24,6,f,n,NA,NA,,
423,NA,1980,24,6,f,s,NA,NA,,
3157,NA,1980,24,6,f,s,NA,NA,M´bene,
274,NA,1979,25,6,f,n,NA,n,,
484,NA,1978,26,6,m,n,NA,n,,
1304,NA,1978,26,6,m,n,NA,NA,,
3157,NA,1978,26,6,m,s,NA,NA,M´bene,
972,NA,1973,32,7,f,n,NA,n,,
237,NA,1968,36,7,f,s,NA,n,,
253,NA,1968,36,7,f,n,NA,n,,
1336,NA,1964,40,7,m,NA,NA,NA,,
1336,NA,1964,40,7,m,NA,NA,NA,,
993,NA,1964,41,7,m,n,NA,n,,
802,NA,1962,43,7,f,s,NA,n,,
993,NA,1952,43,7,f,n,NA,n,,
1153,NA,1942,63,7,m,s,NA,NA,,
212,NA,1941,54,7,f,n,NA,NA,,
105,NA,1940,64,7,m,n,NA,n,,
921,NA,1991,14,4,m,n,P002,s,,
12,NA,1961,44,7,f,s,P004,s,,
11,NA,1986,19,5,f,n,P006,s,,
12,NA,1992,13,4,m,n,P007,s,,
12,NA,1994,11,4,m,n,P008,s,,
234,NA,1981,24,6,f,n,P017,s,,
234,NA,1999,5,2,m,s,P018,s,,
888,NA,1940,54,7,f,n,P023,s,,
216,NA,1979,25,6,f,n,P026,s,,
24,NA,1997,7,3,f,n,P029,s,,
923,NA,1978,26,6,m,n,P0292,s,,
228,NA,2000,4,2,f,s,P0299,NA,,
286,NA,1995,10,3,f,n,P0299,s,,
216,NA,1998,6,3,m,n,P030,s,,
316,NA,1986,19,5,m,s,P0311,s,,
286,NA,1997,7,3,m,n,P033,s,,
286,NA,1987,17,5,f,n,P036,s,,
424,NA,1943,62,7,m,s,P0362,s,,
424,NA,1933,62,7,f,s,P0363,s,,
3019,NA,1990,14,4,m,n,p038,s,,
23,NA,1999,5,2,m,s,P039,s,,
23,NA,1962,43,7,m,s,P040,s,,
23,NA,1972,33,7,f,s,P041,s,,
187,NA,1942,63,7,m,s,P042,s,,
187,NA,1952,43,7,f,s,P042???,s,,
273,NA,2000,4,2,f,s,P045,s,,
124,NA,1964,41,7,f,s,P045,s,,
301,NA,1992,13,4,f,n,P046,s,,
254,NA,1939,55,7,f,n,P049,s,,
189,NA,2001,3,2,f,s,P051,s,,
1547,NA,2001,3,2,f,n,P051,NA,,
364,NA,1963,42,7,f,s,P051,s,,
364,NA,1998,6,3,m,s,P057,s,,
61,NA,1971,34,7,f,n,P062,s,,
76,NA,1966,39,7,f,s,P063,s,,
43,NA,1961,44,7,m,n,P065,s,,
382,NA,1933,72,7,m,n,P067,s,,
949,NA,1968,36,7,f,n,P068,s,,
560,NA,1949,56,7,m,s,P0680,s,,
560,NA,1963,42,7,f,s,P0681,s,,
165,NA,1938,56,7,f,n,P070,s,,
78,NA,1978,26,6,f,s,P072,s,,
68,NA,1930,64,7,f,n,P073,s,,
78,NA,2001,4,2,m,n,P074,s,,
213,NA,1961,44,7,f,n,P076,s,,
135,NA,1972,33,7,f,n,P083,s,,
236,NA,1997,7,3,f,n,P086,s,,
236,NA,1980,24,6,f,n,P087,s,,
950,NA,1988,16,5,m,n,P088,s,,
150,NA,1999,5,2,m,n,P091,s,,
150,NA,1998,6,3,f,n,P095,s,,
150,NA,1997,7,3,f,n,P096,s,,
150,NA,1959,45,7,f,n,P098,s,,
150,NA,1977,27,6,f,n,P099,s,,
376,NA,1991,14,4,m,n,P101,s,,
164,NA,1975,30,6,m,n,P102,s,,
64,NA,1939,66,7,m,s,P103,s,,
64,NA,1951,44,7,f,s,P108,s,,
366,NA,1986,19,5,m,s,P109,s,,
3150,NA,1986,19,5,m,s,P109,s,,
337,NA,1998,6,3,m,n,P113,s,,
76,NA,1990,14,4,f,s,P116,s,,
183,NA,1992,13,4,f,n,P121,s,,
285,NA,1994,11,4,m,n,P123,s,,
285,NA,1990,14,4,m,n,P124,s,,
285,NA,1999,5,2,m,s,P125,s,,
285,NA,1993,12,4,m,n,P127,s,,
123,NA,2001,3,2,f,n,P128,s,,
323,NA,1985,20,5,m,n,P130,s,,
138,NA,2000,4,2,f,n,P139,s,,
234,NA,1977,27,6,m,n,P141,s,,
236,NA,1965,40,7,m,n,P144,s,,
49,NA,1925,80,7,m,n,P145,s,,
111,NA,1953,52,7,m,n,P148,s,,
371,NA,1986,19,5,m,n,P152,s,,
374,NA,1987,17,5,m,n,P157,s,,
355,NA,1988,16,5,m,n,P158,s,,
105,NA,1950,44,7,f,n,P160,s,,
106,NA,1997,7,3,f,n,P161,s,,
106,NA,1995,10,3,m,n,P162,s,,
95,NA,1943,52,7,f,n,P163,s,,
237,NA,1963,42,7,m,s,P1634,s,,
148,NA,1945,60,7,m,n,P164,s,,
238,NA,1978,26,6,m,s,P1640,s,,
238,NA,1964,41,7,f,s,P1641,s,,
272,NA,1982,23,6,f,s,P165,s,,
148,NA,1961,44,7,f,n,P166,s,,
95,NA,1999,5,2,m,n,P168,s,,
148,NA,2000,4,2,f,n,P169,s,,
98,NA,1987,17,5,f,n,P170,s,,
28,NA,1938,67,7,m,n,P172,s,,
137,NA,1940,64,7,m,n,P173,s,,
61,NA,1956,49,7,m,n,P175,s,,
137,NA,1942,53,7,f,n,P176,s,,
409,NA,1982,23,6,f,n,P1766,n,,
116,NA,1932,63,7,f,n,P177,s,,
325,NA,1960,44,7,m,s,P1771,NA,,
326,NA,1992,13,4,f,n,P1772,p,,
231,NA,1954,51,7,m,s,P1772,n,,
236,NA,1999,5,2,m,n,P178,s,,
242,NA,1980,24,6,f,n,P1795,NA,,
40,NA,1938,56,7,f,n,P180,s,,
204,NA,1983,22,6,f,n,P181,s,,
204,NA,1999,5,2,f,n,P182,s,,
272,NA,1979,25,6,m,s,P184,s,,
1096,NA,1982,23,6,m,n,P185,s,,
124,NA,1943,62,7,m,s,P189,s,,
95,NA,1945,50,7,f,n,P1921,p,,
94,NA,1930,64,7,f,s,P194,s,,
91,NA,1986,19,5,m,n,P195,s,,
91,NA,1992,13,4,m,n,P196,s,,
966,NA,1997,7,3,m,n,P197,s,,
966,NA,1956,49,7,f,n,P198,s,,
209,NA,1945,50,7,f,s,P201,s,,
83,NA,1939,55,7,f,n,P203,s,,
83,NA,1990,14,4,f,n,P205,s,,
165,NA,1931,74,7,m,n,P206,s,,
277,NA,1988,16,5,m,n,P210,s,,
344,NA,1989,15,4,m,s,P211,s,,
343,NA,1988,16,5,m,n,P212,s,,
6,NA,1992,13,4,m,n,P213,s,,
188,NA,1935,60,7,f,s,P214,s,,
320,NA,1980,24,6,m,s,P216,s,,
28,NA,1950,44,7,f,n,P217,s,,
385,NA,1982,23,6,m,n,P220,s,,
384,NA,1987,17,5,m,n,P227,s,,
399,NA,1990,14,4,m,NA,P229,s,,
6,NA,1962,43,7,f,s,P231,s,,
326,NA,1998,6,3,m,n,P232,s,,
133,NA,1981,24,6,f,s,P23337,s,,
123,NA,1996,9,3,m,n,P235,s,,
123,NA,1977,27,6,f,n,P237,s,,
138,NA,1981,24,6,f,n,P240,s,,
945,NA,1991,14,4,f,n,P246,s,,
945,NA,1995,10,3,f,n,P249,s,,
970,NA,1989,15,4,m,n,P252,s,,
345,NA,1994,11,4,m,n,P254,s,,
2,NA,1989,15,4,f,s,P255,s,,
3150,NA,1987,17,5,f,s,P2551,s,,
368,NA,1988,16,5,m,n,P257,s,,
6,NA,1995,10,3,f,n,P260,s,,
148,NA,1993,12,4,f,n,P264,s,,
267,NA,1989,15,4,m,n,P275,s,,
98,NA,1985,20,5,m,n,P280,s,,
132,NA,1943,62,7,m,n,P281,s,,
377,NA,1993,12,4,f,n,P283,s,,
353,NA,1929,76,7,m,n,P284,s,,
166,NA,1987,17,5,f,n,P285,s,,
357,NA,1987,17,5,m,n,P286,s,,
357,NA,1993,12,4,m,n,P287,s,,
82,NA,1963,42,7,f,s,P291,s,,
82,NA,1997,7,3,f,s,P292,s,,
198,NA,1922,83,7,m,s,P293,s,,
243,NA,1999,5,2,f,s,P295,s,,
66,NA,1963,42,7,f,s,P295,s,,
397,NA,1987,17,5,m,n,P296,s,,
538,NA,1987,17,5,m,n,P297,s,,
24,NA,1956,49,7,f,n,P299,s,,
970,NA,1993,12,4,f,n,P306,s,,
970,NA,1994,11,4,m,n,P307,s,,
970,NA,2000,4,2,m,n,P310,s,,
198,NA,1951,44,7,f,s,P312,s,,
966,NA,1990,14,4,m,n,P313,s,,
138,NA,1990,14,4,m,n,P314,s,,
966,NA,1993,12,4,m,n,P315,s,,
137,NA,1987,17,5,f,n,P317,s,,
966,NA,1993,12,4,f,n,P319,s,,
71,NA,1995,10,3,f,s,P320,s,,
71,NA,1988,16,5,f,n,P321,s,,
106,NA,1982,23,6,f,n,P322,s,,
141,NA,1975,30,6,m,n,P323,s,,
352,NA,1949,56,7,m,n,P324,s,,
24,NA,1947,58,7,m,n,P326,s,,
352,NA,1954,41,7,f,n,P329,s,,
398,NA,1984,21,5,m,s,P333,s,,
327,NA,1995,10,3,m,n,P334,s,,
232,NA,1985,20,5,m,n,P335,s,,
372,NA,1980,24,6,f,s,P341,s,,
372,NA,2000,4,2,m,s,P342,s,,
209,NA,1935,70,7,m,s,P343,s,,
10,NA,1947,58,7,m,n,P346,s,,
10,NA,1951,44,7,f,n,P353,s,,
146,NA,1960,44,7,f,s,P356,s,,
100,NA,1982,23,6,f,s,P357,s,,
426,NA,1943,62,7,m,s,P362,NA,,
115,NA,1934,61,7,f,n,P362,s,,
112,NA,1979,25,6,f,n,P364,s,,
386,NA,1965,40,7,f,n,P366,s,,
373,NA,1970,34,7,f,n,P375,s,,
58,NA,1977,27,6,f,s,P381,s,,
3165,NA,1977,27,6,f,s,P381,NA,,
58,NA,2001,3,2,f,s,P382,s,,
3165,NA,2000,4,2,f,s,P382,NA,,
47,NA,2000,4,2,f,s,P383,s,,
47,NA,1999,5,2,f,n,P384,s,,
47,NA,1980,24,6,f,s,P385,s,,
47,NA,1954,51,7,m,s,P386,s,,
116,NA,1923,82,7,m,n,P388,s,,
183,NA,1984,20,5,f,n,P389,s,,
387,NA,1993,12,4,f,n,P3933,s,,
183,NA,1989,15,4,f,n,P398,s,,
285,NA,1986,19,5,m,s,P401,s,,
146,NA,1990,14,4,m,n,P402,s,,
163,NA,1979,25,6,f,s,P403,s,,
284,NA,1974,29,6,f,s,P404,s,,
284,NA,1979,25,6,f,n,P405,s,,
386,NA,1954,51,7,m,n,P406,s,,
278,NA,1963,42,7,f,n,P408,s,,
1300,NA,1939,55,7,f,n,P410,s,,
99,NA,1989,15,4,f,n,P414,s,,
122,NA,1948,57,7,m,n,P415,s,,
99,NA,1990,14,4,f,n,P416,s,,
30,NA,1937,68,7,m,n,P417,s,,
60,NA,1965,40,7,f,s,P418,s,,
74,NA,1979,25,6,f,s,P419,s,,
313,NA,1982,23,6,f,s,P420,s,,
313,NA,1999,5,2,f,n,P422,s,,
78,NA,1969,35,7,m,s,P430,s,,
348,NA,1992,13,4,m,n,P431,s,,
122,NA,2000,4,2,m,n,P448,s,,
3068,NA,2003,2,1,f,n,P4897,NA,,
1551,NA,1985,20,5,m,s,P5174,NA,,
1551,NA,1987,17,5,f,s,P5548,NA,,
4091,26/06/2002,2002,2,1,m,s,NA,p,,
4093,02/10/2001,2001,3,2,m,n,NA,p,,
4058,04/03/2001,2001,3,2,m,n,NA,p,,
225,NA,2003,1,1,m,s,NA,p,,
824,NA,2003,1,1,m,n,NA,p,,
861,NA,2003,1,1,m,n,NA,p,,
861,NA,2003,1,1,m,n,NA,p,,
1407,NA,2003,1,1,m,n,NA,p,,
1417,NA,2003,1,1,m,s,NA,p,,
766,NA,2003,2,1,f,s,NA,p,,
869,NA,2003,2,1,f,n,NA,p,,
1418,NA,2003,2,1,f,s,NA,p,,
3013,NA,2003,2,1,f,n,NA,p,,
74,NA,2002,2,1,f,s,NA,p,,
193,NA,2002,2,1,f,s,NA,p,,
827,NA,2002,2,1,f,n,NA,p,,
1510,NA,2002,2,1,f,n,NA,p,,
1518,NA,2002,2,1,f,n,NA,p,,
30,NA,2002,3,2,m,n,NA,p,,
1320,NA,2002,3,2,m,n,NA,p,,
1383,NA,2002,3,2,m,s,NA,p,,
4052,NA,2002,3,2,m,s,NA,p,furvela,
543,NA,2002,3,2,m,n,NA,s,,
56,NA,2001,3,2,f,s,NA,p,,
225,NA,2001,3,2,f,n,NA,p,,
389,NA,2001,3,2,f,n,NA,p,,
473,NA,2001,3,2,f,n,NA,p,,
705,NA,2001,3,2,f,n,NA,p,,
815,NA,2001,3,2,f,n,NA,p,,
882,NA,2001,3,2,f,n,NA,p,,
941,NA,2001,3,2,f,n,NA,p,,
1334,NA,2001,3,2,f,s,NA,p,,
1370,NA,2001,3,2,f,n,NA,p,,
1407,NA,2001,3,2,f,n,NA,p,,
1499,NA,2001,3,2,f,s,NA,p,,
4042,NA,2001,3,2,f,s,NA,p,,
4056,NA,2001,3,2,f,n,NA,p,,
56,NA,2001,4,2,m,s,NA,p,,
216,NA,2001,4,2,m,n,NA,p,,
654,NA,2001,4,2,m,n,NA,p,,
909,NA,2001,4,2,m,s,NA,p,,
937,NA,2001,4,2,m,n,NA,p,,
1418,NA,2001,4,2,m,s,NA,p,,
36,NA,2000,4,2,m,s,NA,p,,
280,NA,2000,4,2,m,n,NA,p,,
284,NA,2000,4,2,f,n,NA,p,,
352,NA,2000,4,2,f,n,NA,p,,
420,NA,2000,4,2,m,n,NA,p,,
482,NA,2000,4,2,f,n,NA,p,,
551,NA,2000,4,2,m,n,NA,p,,
551,NA,2000,4,2,m,s,NA,p,,
562,NA,2000,4,2,m,n,NA,p,,
764,NA,2000,4,2,f,n,NA,p,,
766,NA,2000,4,2,m,s,NA,p,,
777,NA,2000,4,2,m,n,NA,p,,
780,NA,2000,4,2,m,n,NA,p,,
806,NA,2000,4,2,f,n,NA,p,,
878,NA,2000,4,2,m,n,NA,p,,
1233,NA,2000,4,2,m,n,NA,p,,
1370,NA,2000,4,2,f,n,NA,p,,
1496,NA,2000,4,2,m,n,NA,p,,
1548,NA,2000,4,2,f,s,NA,p,,
3124,NA,2000,4,2,f,n,NA,p,,
112,NA,1999,5,2,f,n,NA,p,,
214,NA,1999,5,2,m,n,NA,p,,
280,NA,1999,5,2,m,n,NA,p,,
482,NA,1999,5,2,m,n,NA,p,,
551,NA,1999,5,2,f,n,NA,p,,
887,NA,1999,5,2,m,n,NA,p,,
1370,NA,1999,5,2,f,n,NA,p,,
1373,NA,1999,5,2,m,n,NA,p,,
1492,NA,1999,5,2,f,s,NA,p,,
1518,NA,1999,5,2,m,n,NA,p,,
4043,NA,1999,5,2,m,n,NA,p,,
4093,NA,1999,5,2,f,n,NA,p,,
731,NA,1999,5,2,m,n,NA,s,,
125,NA,1998,6,3,m,n,NA,p,,
186,NA,1998,6,3,f,s,NA,p,,
247,NA,1998,6,3,m,s,NA,p,,
419,NA,1998,6,3,m,s,NA,p,,
426,NA,1998,6,3,f,s,NA,p,,
762,NA,1998,6,3,f,n,NA,p,,
882,NA,1998,6,3,f,n,NA,p,,
1007,NA,1998,6,3,m,n,NA,p,,passou para casa 1336
1007,NA,1998,6,3,m,n,NA,p,,passou para casa 1336
1210,NA,1998,6,3,m,n,NA,p,,
1370,NA,1998,6,3,f,n,NA,p,,
3025,NA,1998,6,3,f,n,NA,p,,
3120,NA,1998,6,3,f,n,NA,p,,
3124,NA,1998,6,3,f,n,NA,p,,
3126,NA,1998,6,3,m,n,NA,p,,
6,NA,1997,7,3,m,n,NA,p,,
342,NA,1997,7,3,m,n,NA,p,,
419,NA,1997,7,3,f,n,NA,p,,
420,NA,1997,7,3,m,n,NA,p,,
1085,NA,1997,7,3,f,n,NA,p,,
1370,NA,1997,7,3,m,n,NA,p,,
1407,NA,1997,7,3,m,n,NA,p,,
1418,NA,1997,7,3,f,s,NA,p,,
3120,NA,1997,7,3,m,n,NA,p,,
3144,NA,1997,7,3,m,n,NA,p,,
146,NA,1996,9,3,m,n,NA,p,,
824,NA,1996,9,3,m,n,NA,p,,
891,NA,1996,9,3,m,n,NA,p,,
932,NA,1996,9,3,m,n,NA,p,,
970,NA,1996,9,3,f,n,NA,p,,
1360,NA,1996,9,3,f,s,NA,p,,
1371,NA,1996,9,3,f,n,NA,p,,
1376,NA,1996,9,3,f,n,NA,p,,
1507,NA,1996,9,3,f,n,NA,p,,
1518,NA,1996,9,3,f,n,NA,p,,
1521,NA,1996,9,3,f,n,NA,p,,
3126,NA,1996,9,3,f,n,NA,p,,
3126,NA,1996,9,3,m,n,NA,p,,
679,NA,1995,10,3,f,n,NA,p,,
711,NA,1995,10,3,m,n,NA,p,,
762,NA,1995,10,3,m,n,NA,p,,
857,NA,1995,10,3,f,n,NA,p,,
941,NA,1995,10,3,f,n,NA,p,,
1210,NA,1995,10,3,m,n,NA,p,,
1301,NA,1995,10,3,m,n,NA,p,,
1548,NA,1995,10,3,m,s,NA,p,,
3019,NA,1995,10,3,m,n,NA,p,,
4063,NA,1995,10,3,m,n,NA,p,,
108,NA,1994,11,4,f,n,NA,p,,
118,NA,1994,11,4,m,s,NA,p,,
198,NA,1994,11,4,f,n,NA,p,,
288,NA,1994,11,4,m,n,NA,p,,
342,NA,1994,11,4,f,n,NA,p,,
395,NA,1994,11,4,m,n,NA,p,,
428,NA,1994,11,4,m,n,NA,p,,
518,NA,1994,11,4,f,s,NA,p,,
654,NA,1994,11,4,f,n,NA,p,,
992,NA,1994,11,4,m,n,NA,p,,
1339,NA,1994,11,4,m,s,NA,p,,
1373,NA,1994,11,4,m,n,NA,p,,
1419,NA,1994,11,4,m,s,NA,p,,
793,NA,1993,12,4,f,s,NA,p,,
941,NA,1993,12,4,f,n,NA,p,,
1210,NA,1993,12,4,f,n,NA,p,,
1233,NA,1993,12,4,f,n,NA,p,,
3010,NA,1993,12,4,m,n,NA,p,,
340,NA,1992,13,4,f,n,NA,p,,
400,NA,1992,13,4,f,n,NA,p,,
619,NA,1992,13,4,m,n,NA,p,,
806,NA,1992,13,4,f,n,NA,p,,
1301,NA,1992,13,4,m,n,NA,p,,
1331,NA,1992,13,4,m,s,NA,p,,
1394,NA,1992,13,4,m,n,NA,p,,
1427,NA,1992,13,4,m,n,NA,p,,
3175,NA,1992,13,4,m,n,NA,p,furvela,antigo residente da casa número 428
108,NA,1991,14,4,f,n,NA,p,,
1420,NA,1991,14,4,f,s,NA,p,,
1519,NA,1991,14,4,m,n,NA,p,,
3056,NA,1991,14,4,m,n,NA,p,,
20,NA,1990,14,4,m,n,NA,p,,
286,NA,1990,14,4,m,n,NA,p,,
428,NA,1990,14,4,f,n,NA,p,,
789,NA,1990,14,4,m,n,NA,p,,
827,NA,1990,14,4,f,n,NA,p,,
965,NA,1990,14,4,m,n,NA,p,,
1122,NA,1990,14,4,f,n,NA,p,,
1330,NA,1990,14,4,f,n,NA,p,,
1360,NA,1990,14,4,m,s,NA,p,,
1471,NA,1990,14,4,f,n,NA,p,,
3012,NA,1990,14,4,f,n,NA,p,,
3072,NA,1990,14,4,m,n,NA,p,,
85,NA,1989,15,4,m,n,NA,p,,
98,NA,1989,15,4,m,n,NA,p,,
519,NA,1989,15,4,f,n,NA,p,,
537,NA,1989,15,4,m,n,NA,p,,
760,NA,1989,15,4,f,n,NA,p,,
806,NA,1989,15,4,f,n,NA,p,,
1336,NA,1989,15,4,m,n,NA,p,,
1360,NA,1989,15,4,m,s,NA,p,,
1370,NA,1989,15,4,f,n,NA,p,,
1420,NA,1989,15,4,f,s,NA,p,,
1543,NA,1989,15,4,m,s,NA,p,,
4092,NA,1989,15,4,f,n,NA,p,,
20,NA,1988,16,5,m,n,NA,p,,
72,NA,1988,16,5,f,n,NA,p,,
118,NA,1988,16,5,f,s,NA,p,,
271,NA,1988,16,5,m,n,NA,p,,
283,NA,1988,16,5,f,n,NA,p,,
367,NA,1988,16,5,m,n,NA,p,,
395,NA,1988,16,5,m,n,NA,p,,
731,NA,1988,16,5,f,n,NA,p,,
924,NA,1988,16,5,m,s,NA,p,,
928,NA,1988,16,5,m,n,NA,p,,
969,NA,1988,16,5,m,n,NA,p,,
1142,NA,1988,16,5,f,s,NA,p,,
1406,NA,1988,16,5,f,n,NA,p,,
3058,NA,1988,16,5,m,n,NA,p,,
3083,NA,1988,16,5,m,n,NA,p,,
6,NA,1987,17,5,f,n,NA,p,,
220,NA,1987,17,5,f,n,NA,p,,
338,NA,1987,17,5,m,n,NA,p,,
350,NA,1987,17,5,f,n,NA,p,,
655,NA,1987,17,5,f,s,NA,p,,
847,NA,1987,17,5,f,n,NA,p,,
855,NA,1987,17,5,f,n,NA,p,,
1343,NA,1987,17,5,m,s,NA,p,,
1370,NA,1987,17,5,f,s,NA,p,,
1391,NA,1987,17,5,m,s,NA,p,,
1415,NA,1987,17,5,f,s,NA,p,,
1542,NA,1987,17,5,f,s,NA,p,,
3021,NA,1987,17,5,m,s,NA,p,,
3066,NA,1987,17,5,m,n,NA,p,,
4040,NA,1987,17,5,f,s,NA,p,,
198,NA,1986,19,5,f,n,NA,p,,
365,NA,1986,19,5,m,s,NA,p,,
428,NA,1986,19,5,f,n,NA,p,,
569,NA,1986,19,5,f,n,NA,p,,
760,NA,1986,19,5,f,n,NA,p,,
814,NA,1986,19,5,f,n,NA,p,,
941,NA,1986,19,5,f,n,NA,p,,
967,NA,1986,19,5,m,n,NA,p,,
1144,NA,1986,19,5,m,s,NA,p,,
1338,NA,1986,19,5,m,n,NA,p,,
1417,NA,1986,19,5,f,s,NA,p,,
3041,NA,1986,19,5,f,n,NA,p,,
3041,NA,1986,19,5,m,n,NA,p,,
3052,NA,1986,19,5,f,n,NA,p,,
69,NA,1985,20,5,f,n,NA,p,,
193,NA,1985,20,5,m,s,NA,p,,
235,NA,1985,20,5,f,n,NA,p,,
378,NA,1985,20,5,m,n,NA,p,,
387,NA,1985,20,5,m,n,NA,p,,
806,NA,1985,20,5,f,n,NA,p,,
891,NA,1985,20,5,f,n,NA,p,,
1210,NA,1985,20,5,f,n,NA,p,,
1321,NA,1985,20,5,m,s,NA,p,,
1347,NA,1985,20,5,m,s,NA,p,,
1360,NA,1985,20,5,f,s,NA,p,,
1417,NA,1985,20,5,m,s,NA,p,,
1491,NA,1985,20,5,f,n,NA,p,,
3140,NA,1985,20,5,m,n,NA,p,,
4091,NA,1985,20,5,f,s,NA,p,,
1520,NA,1984,20,5,f,n,NA,p,,
3013,NA,1984,20,5,f,n,NA,p,,
3068,NA,1984,20,5,f,n,NA,p,,
737,NA,1984,21,5,m,n,NA,p,,
1528,NA,1984,21,5,m,n,NA,p,,
932,NA,1983,21,6,f,n,NA,p,,
3124,NA,1983,21,5,m,n,NA,p,,
242,NA,1983,22,6,m,n,NA,p,,
364,NA,1983,22,6,f,s,NA,p,,
542,NA,1983,22,6,f,n,NA,p,,
569,NA,1983,22,6,m,n,NA,p,,
953,NA,1983,22,6,m,n,NA,p,,
1161,NA,1983,22,6,f,s,NA,p,,
1344,NA,1983,22,6,m,s,NA,p,,
1495,NA,1983,22,6,f,n,NA,p,,
3013,NA,1983,22,6,m,n,NA,p,,
3138,NA,1983,22,6,m,n,NA,p,,
263,NA,1982,23,6,f,s,NA,p,,
391,NA,1982,23,6,m,n,NA,p,,
570,NA,1982,23,6,f,s,NA,p,,
606,NA,1982,23,6,f,n,NA,p,,
791,NA,1982,23,6,m,s,NA,p,,
918,NA,1982,23,6,f,s,NA,p,,
1008,NA,1982,23,6,f,n,NA,p,,
1184,NA,1982,23,6,m,n,NA,p,,
1185,NA,1982,23,6,m,s,NA,p,,
1303,NA,1982,23,6,f,n,NA,p,,
1348,NA,1982,23,6,m,n,NA,p,,
1526,NA,1982,23,6,f,s,NA,p,,
3042,NA,1982,23,6,f,s,NA,p,,
273,NA,1981,24,6,f,s,NA,p,,
482,NA,1981,24,6,f,s,NA,p,,
542,NA,1981,24,6,m,n,NA,p,,
1139,NA,1981,24,6,f,n,NA,p,,
4091,NA,1981,24,6,m,s,NA,p,,
69,NA,1980,24,6,m,n,NA,p,,
133,NA,1980,24,6,m,s,NA,p,,
185,NA,1980,24,6,f,s,NA,p,,
280,NA,1980,24,6,f,n,NA,p,,
508,NA,1980,24,6,m,n,NA,p,,
725,NA,1980,24,6,f,n,NA,p,,
765,NA,1980,24,6,m,n,NA,p,,
766,NA,1980,24,6,f,s,NA,p,,
830,NA,1980,24,6,f,n,NA,p,,
1129,NA,1980,24,6,f,n,NA,p,,
1363,NA,1980,24,6,m,n,NA,p,,
1386,NA,1980,24,6,f,n,NA,p,,
3083,NA,1980,24,6,f,n,NA,p,,
3139,NA,1980,24,6,m,n,NA,p,,
74,NA,1979,25,6,m,s,NA,p,,
288,NA,1979,25,6,m,n,NA,p,,
313,NA,1979,25,6,m,s,NA,p,,
394,NA,1979,25,6,m,n,NA,p,,
458,NA,1979,25,6,f,s,NA,p,,
482,NA,1979,25,6,m,s,NA,p,,
551,NA,1979,25,6,f,n,NA,p,,
585,NA,1979,25,6,m,n,NA,p,,
766,NA,1979,25,6,m,s,NA,p,,
917,NA,1979,25,6,f,s,NA,p,,
1303,NA,1979,25,6,m,n,NA,p,,
3126,NA,1979,25,6,f,n,NA,p,,
108,NA,1978,26,6,f,n,NA,p,,
655,NA,1978,26,6,m,s,NA,p,,
887,NA,1978,26,6,f,n,NA,p,,
1344,NA,1978,26,6,f,s,NA,p,,
1386,NA,1978,26,6,m,n,NA,p,,
1547,NA,1978,26,6,f,n,NA,p,,
3067,NA,1978,26,6,m,n,NA,p,,
3068,NA,1978,26,6,m,n,NA,p,,
3126,NA,1978,26,6,m,n,NA,p,,
4056,NA,1978,26,6,m,s,NA,p,,
243,NA,1977,27,6,f,s,NA,p,,
263,NA,1977,27,6,m,s,NA,p,,
937,NA,1977,27,6,f,n,NA,p,,
959,NA,1977,27,6,f,s,NA,p,,
3082,NA,1977,27,6,m,n,NA,p,,
4049,NA,1977,27,6,m,n,NA,p,,
56,NA,1976,29,6,f,n,NA,p,,
1492,NA,1976,29,6,f,s,NA,p,,
1518,NA,1976,29,6,f,n,NA,p,,
3124,NA,1976,29,6,f,n,NA,p,,
3129,NA,1976,29,6,m,n,NA,p,,
97,NA,1975,30,6,m,n,NA,p,,
280,NA,1975,30,6,m,n,NA,p,,
760,NA,1975,30,6,f,n,NA,p,,
932,NA,1975,30,6,m,n,NA,p,,
1353,NA,1975,30,6,m,n,NA,p,,
185,NA,1974,29,6,m,n,NA,p,,
918,NA,1974,29,6,m,s,NA,p,,
931,NA,1974,29,6,m,n,NA,p,,
1154,NA,1974,29,6,m,n,NA,p,,
1371,NA,1974,29,6,f,n,NA,p,,
1547,NA,1974,29,6,m,n,NA,p,,
972,NA,1974,29,6,m,n,NA,s,,
56,NA,1972,33,7,m,n,NA,p,,
433,NA,1972,33,7,m,n,NA,p,,
518,NA,1972,33,7,f,s,NA,p,,
762,NA,1972,33,7,f,n,NA,p,,
906,NA,1972,33,7,m,n,NA,p,,
961,NA,1972,33,7,f,n,NA,p,,
1210,NA,1972,33,7,f,s,NA,p,,
1309,NA,1972,33,7,m,s,NA,p,,
1355,NA,1972,33,7,f,n,NA,p,,
1472,NA,1972,33,7,f,s,NA,p,,
1495,NA,1972,33,7,m,n,NA,p,,
4058,NA,1972,33,7,f,n,NA,p,,
628,NA,1971,34,7,f,s,NA,p,,
454,NA,1970,34,7,f,s,NA,p,,
792,NA,1970,34,7,f,s,NA,p,,
1334,NA,1970,34,7,m,s,NA,p,,
419,NA,1969,35,7,f,s,NA,p,,
312,NA,1968,36,7,f,n,NA,p,,
926,NA,1968,36,7,m,s,NA,p,,
1057,NA,1968,36,7,f,n,NA,p,,
1340,NA,1968,36,7,f,s,NA,p,,
1360,NA,1968,36,7,f,s,NA,p,,
3042,NA,1968,36,7,m,s,NA,p,,
183,NA,1967,37,7,f,s,NA,p,,
299,NA,1967,37,7,f,s,NA,p,,
388,NA,1967,37,7,f,n,NA,p,,
937,NA,1967,37,7,m,n,NA,p,,
1186,NA,1967,37,7,f,n,NA,p,,
1426,NA,1967,37,7,f,n,NA,p,,
1518,NA,1967,37,7,m,n,NA,p,,
299,NA,1966,39,7,m,s,NA,p,,
1464,NA,1966,39,7,f,s,NA,p,,
3007,NA,1966,39,7,f,s,NA,p,,
3028,NA,1966,39,7,f,n,NA,p,,
214,NA,1965,40,7,m,n,NA,p,,
539,NA,1965,40,7,f,s,NA,p,,
938,NA,1965,40,7,f,n,NA,p,,
1385,NA,1965,40,7,f,n,NA,p,,
20,NA,1964,40,7,m,s,NA,p,,
181,NA,1964,40,7,f,n,NA,p,,
183,NA,1964,40,7,f,n,NA,p,,
193,NA,1964,40,7,f,s,NA,p,,
212,NA,1964,40,7,f,n,NA,p,,
212,NA,1964,40,7,m,n,NA,p,,
672,NA,1964,40,7,m,n,NA,p,,
1139,NA,1964,40,7,m,n,NA,p,,
1139,NA,1964,40,7,m,n,NA,p,,
117,NA,1964,41,7,f,n,NA,p,,
1360,NA,1964,41,7,f,s,NA,p,,
1418,NA,1964,41,7,f,s,NA,p,,
214,NA,1963,42,7,f,n,NA,p,,
426,NA,1963,42,7,f,s,NA,p,,
809,NA,1963,42,7,m,s,NA,p,,
1057,NA,1963,42,7,m,n,NA,p,,
1139,NA,1963,42,7,f,n,NA,p,,
3110,NA,1963,42,7,f,n,NA,p,,
38,NA,1962,43,7,m,n,NA,p,,
1418,NA,1962,43,7,m,s,NA,p,,
288,NA,1961,44,7,f,n,NA,p,,
72,NA,1960,44,7,m,n,NA,p,,
685,NA,1960,44,7,f,n,NA,p,,
731,NA,1960,44,7,f,s,NA,p,,
4062,NA,1960,44,7,m,n,NA,p,,
620,NA,1959,45,7,m,n,NA,p,,
1403,NA,1959,45,7,f,s,NA,p,,
117,NA,1958,46,7,m,n,NA,p,,
419,NA,1958,46,7,m,s,NA,p,,
970,NA,1958,46,7,f,n,NA,p,,
235,NA,1957,47,7,f,n,NA,p,,
358,NA,1957,47,7,m,n,NA,p,,
457,NA,1957,47,7,f,s,NA,p,,
814,NA,1957,47,7,m,n,NA,p,,
1464,NA,1957,47,7,m,s,NA,p,,
4079,NA,1957,47,7,f,s,NA,p,,
183,NA,1956,49,7,m,s,NA,p,,
284,NA,1956,49,7,m,s,NA,p,,
340,NA,1956,49,7,f,n,NA,p,,
631,NA,1956,49,7,f,n,NA,p,,
792,NA,1956,49,7,m,s,NA,p,,
3073,NA,1956,49,7,f,s,NA,p,,
564,NA,1955,40,7,f,n,NA,p,,
777,NA,1955,40,7,f,n,NA,p,,
898,NA,1955,50,7,m,n,NA,p,,
1070,NA,1955,50,7,m,s,NA,p,,
1508,NA,1955,50,7,m,n,NA,p,,
186,NA,1954,41,7,f,s,NA,p,,
507,NA,1954,41,7,f,s,NA,p,,
3025,NA,1954,41,7,f,n,NA,p,,
219,NA,1953,42,7,f,n,NA,p,,
1139,NA,1951,44,7,f,n,NA,p,,
551,NA,1950,44,7,f,s,NA,p,,
763,NA,1950,44,7,f,n,NA,p,,
829,NA,1950,44,7,f,n,NA,p,,
1522,NA,1950,44,7,f,s,NA,p,,
388,NA,1950,55,7,m,n,NA,p,,
375,NA,1949,45,7,f,n,NA,p,,
432,NA,1949,45,7,f,s,NA,p,,
654,NA,1949,45,7,f,n,NA,p,,
4047,NA,1949,45,7,f,n,NA,p,,
292,NA,1949,56,7,m,n,NA,p,,
298,NA,1949,56,7,m,n,NA,p,,
457,NA,1949,56,7,m,s,NA,p,,
654,NA,1949,56,7,m,n,NA,p,,
1301,NA,1949,56,7,m,n,NA,p,,
1076,NA,1948,46,7,f,n,NA,p,,
1499,NA,1948,46,7,f,s,NA,p,,
375,NA,1948,57,7,m,n,NA,p,,
66,NA,1947,58,7,m,s,NA,p,,
228,NA,1946,59,7,m,s,NA,p,,
266,NA,1946,59,7,m,s,NA,p,,
432,NA,1946,59,7,m,s,NA,p,,
711,NA,1946,59,7,m,n,NA,p,,
206,NA,1945,50,7,f,n,NA,p,,
3018,NA,1945,50,7,f,n,NA,p,,
1385,NA,1945,60,7,m,n,NA,p,,
551,NA,1944,61,7,m,s,NA,p,,
1076,NA,1944,61,7,m,n,NA,p,,
549,NA,1943,52,7,f,n,NA,s,,
12,NA,1943,62,7,m,s,NA,p,,
1142,NA,1942,63,7,m,s,NA,p,,
643,NA,1941,64,7,m,s,NA,p,,
829,NA,1941,64,7,m,n,NA,p,,
831,NA,1941,64,7,m,n,NA,p,,
681,NA,1940,54,7,f,n,NA,p,,
891,NA,1940,54,7,f,n,NA,p,,
992,NA,1938,56,7,f,n,NA,p,,
1357,NA,1937,57,7,f,n,NA,p,,
875,NA,1937,68,7,m,s,NA,p,,
1540,NA,1936,59,7,f,n,NA,p,,
979,NA,1934,61,7,f,n,NA,p,,
146,NA,1934,71,7,m,s,NA,p,,
529,NA,1932,63,7,f,n,NA,p,,
3038,NA,1931,74,7,m,n,NA,p,,
851,NA,1930,64,7,f,n,NA,p,,
564,NA,1930,74,7,m,n,NA,p,,
663,NA,1929,65,7,f,n,NA,p,,
20,NA,1928,66,7,f,s,NA,p,,
786,NA,1928,77,7,m,n,NA,p,,
606,NA,1925,70,7,f,n,NA,p,,
456,NA,1922,83,7,m,n,NA,p,,
4081,NA,2003,1,1,f,s,NA,p,,
